[{"model": "admin.logentry", "pk": 1, "fields": {"action_time": "2023-03-01T15:59:03.764Z", "user": 1, "content_type": 13, "object_id": "1", "object_repr": "grkr", "action_flag": 1, "change_message": "[{\"added\": {}}]"}}, {"model": "admin.logentry", "pk": 2, "fields": {"action_time": "2023-03-01T16:16:33.594Z", "user": 1, "content_type": 25, "object_id": "1", "object_repr": "atx", "action_flag": 1, "change_message": "[{\"added\": {}}]"}}, {"model": "admin.logentry", "pk": 3, "fields": {"action_time": "2023-03-01T16:17:10.966Z", "user": 1, "content_type": 25, "object_id": "2", "object_repr": "blue", "action_flag": 1, "change_message": "[{\"added\": {}}]"}}, {"model": "admin.logentry", "pk": 4, "fields": {"action_time": "2023-03-01T16:17:51.294Z", "user": 1, "content_type": 25, "object_id": "3", "object_repr": "great", "action_flag": 1, "change_message": "[{\"added\": {}}]"}}, {"model": "admin.logentry", "pk": 5, "fields": {"action_time": "2023-03-01T16:18:28.680Z", "user": 1, "content_type": 25, "object_id": "4", "object_repr": "jordan", "action_flag": 1, "change_message": "[{\"added\": {}}]"}}, {"model": "admin.logentry", "pk": 6, "fields": {"action_time": "2023-03-01T16:19:01.611Z", "user": 1, "content_type": 25, "object_id": "5", "object_repr": "maji", "action_flag": 1, "change_message": "[{\"added\": {}}]"}}, {"model": "admin.logentry", "pk": 7, "fields": {"action_time": "2023-03-01T16:19:37.700Z", "user": 1, "content_type": 25, "object_id": "6", "object_repr": "puma", "action_flag": 1, "change_message": "[{\"added\": {}}]"}}, {"model": "admin.logentry", "pk": 8, "fields": {"action_time": "2023-03-01T16:20:05.028Z", "user": 1, "content_type": 25, "object_id": "7", "object_repr": "us-polo", "action_flag": 1, "change_message": "[{\"added\": {}}]"}}, {"model": "admin.logentry", "pk": 9, "fields": {"action_time": "2023-03-01T16:20:49.396Z", "user": 1, "content_type": 25, "object_id": "8", "object_repr": "wrangler", "action_flag": 1, "change_message": "[{\"added\": {}}]"}}, {"model": "admin.logentry", "pk": 10, "fields": {"action_time": "2023-03-01T16:23:28.097Z", "user": 1, "content_type": 14, "object_id": "1", "object_repr": "shoes", "action_flag": 1, "change_message": "[{\"added\": {}}]"}}, {"model": "admin.logentry", "pk": 11, "fields": {"action_time": "2023-03-01T16:24:06.158Z", "user": 1, "content_type": 14, "object_id": "2", "object_repr": "clothes", "action_flag": 1, "change_message": "[{\"added\": {}}]"}}, {"model": "admin.logentry", "pk": 12, "fields": {"action_time": "2023-03-01T16:25:48.048Z", "user": 1, "content_type": 14, "object_id": "3", "object_repr": "jackets", "action_flag": 1, "change_message": "[{\"added\": {}}]"}}, {"model": "admin.logentry", "pk": 13, "fields": {"action_time": "2023-03-01T16:26:36.208Z", "user": 1, "content_type": 14, "object_id": "4", "object_repr": "jeans", "action_flag": 1, "change_message": "[{\"added\": {}}]"}}, {"model": "admin.logentry", "pk": 14, "fields": {"action_time": "2023-03-01T16:27:25.562Z", "user": 1, "content_type": 14, "object_id": "5", "object_repr": "shirts", "action_flag": 1, "change_message": "[{\"added\": {}}]"}}, {"model": "admin.logentry", "pk": 15, "fields": {"action_time": "2023-03-01T16:27:52.117Z", "user": 1, "content_type": 14, "object_id": "4", "object_repr": "jeans", "action_flag": 2, "change_message": "[{\"changed\": {\"fields\": [\"Thumbnail as\"]}}]"}}, {"model": "admin.logentry", "pk": 16, "fields": {"action_time": "2023-03-01T16:27:59.231Z", "user": 1, "content_type": 14, "object_id": "5", "object_repr": "shirts", "action_flag": 2, "change_message": "[{\"changed\": {\"fields\": [\"Thumbnail as\"]}}]"}}, {"model": "admin.logentry", "pk": 17, "fields": {"action_time": "2023-03-01T16:29:01.524Z", "user": 1, "content_type": 14, "object_id": "6", "object_repr": "t-shirts", "action_flag": 1, "change_message": "[{\"added\": {}}]"}}, {"model": "admin.logentry", "pk": 18, "fields": {"action_time": "2023-03-01T16:30:41.611Z", "user": 1, "content_type": 14, "object_id": "7", "object_repr": "sneakers", "action_flag": 1, "change_message": "[{\"added\": {}}]"}}, {"model": "admin.logentry", "pk": 19, "fields": {"action_time": "2023-03-01T16:37:11.035Z", "user": 1, "content_type": 16, "object_id": "1", "object_repr": "shoe-size", "action_flag": 1, "change_message": "[{\"added\": {}}, {\"added\": {\"name\": \"product attribute value\", \"object\": \"shoe-size (36)\"}}, {\"added\": {\"name\": \"product attribute value\", \"object\": \"shoe-size (38)\"}}, {\"added\": {\"name\": \"product attribute value\", \"object\": \"shoe-size (40)\"}}, {\"added\": {\"name\": \"product attribute value\", \"object\": \"shoe-size (42)\"}}, {\"added\": {\"name\": \"product attribute value\", \"object\": \"shoe-size (44)\"}}]"}}, {"model": "admin.logentry", "pk": 20, "fields": {"action_time": "2023-03-01T16:38:59.950Z", "user": 1, "content_type": 16, "object_id": "2", "object_repr": "clothing-size", "action_flag": 1, "change_message": "[{\"added\": {}}, {\"added\": {\"name\": \"product attribute value\", \"object\": \"clothing-size (40)\"}}, {\"added\": {\"name\": \"product attribute value\", \"object\": \"clothing-size (50)\"}}, {\"added\": {\"name\": \"product attribute value\", \"object\": \"clothing-size (60)\"}}, {\"added\": {\"name\": \"product attribute value\", \"object\": \"clothing-size (70)\"}}]"}}, {"model": "admin.logentry", "pk": 21, "fields": {"action_time": "2023-03-01T16:41:48.704Z", "user": 1, "content_type": 16, "object_id": "3", "object_repr": "color", "action_flag": 1, "change_message": "[{\"added\": {}}, {\"added\": {\"name\": \"product attribute value\", \"object\": \"color (red)\"}}, {\"added\": {\"name\": \"product attribute value\", \"object\": \"color (green)\"}}, {\"added\": {\"name\": \"product attribute value\", \"object\": \"color (blue)\"}}, {\"added\": {\"name\": \"product attribute value\", \"object\": \"color (brown)\"}}, {\"added\": {\"name\": \"product attribute value\", \"object\": \"color (black)\"}}]"}}, {"model": "admin.logentry", "pk": 22, "fields": {"action_time": "2023-03-01T16:43:43.164Z", "user": 1, "content_type": 24, "object_id": "1", "object_repr": "Delivery object (1)", "action_flag": 1, "change_message": "[{\"added\": {}}]"}}, {"model": "admin.logentry", "pk": 23, "fields": {"action_time": "2023-03-01T16:45:19.288Z", "user": 1, "content_type": 24, "object_id": "2", "object_repr": "Delivery object (2)", "action_flag": 1, "change_message": "[{\"added\": {}}]"}}, {"model": "admin.logentry", "pk": 24, "fields": {"action_time": "2023-03-01T16:46:23.408Z", "user": 1, "content_type": 24, "object_id": "3", "object_repr": "Delivery object (3)", "action_flag": 1, "change_message": "[{\"added\": {}}]"}}, {"model": "admin.logentry", "pk": 25, "fields": {"action_time": "2023-03-01T16:47:36.580Z", "user": 1, "content_type": 26, "object_id": "1", "object_repr": "123321", "action_flag": 1, "change_message": "[{\"added\": {}}]"}}, {"model": "admin.logentry", "pk": 26, "fields": {"action_time": "2023-03-01T16:49:19.689Z", "user": 1, "content_type": 28, "object_id": "1", "object_repr": "holliday", "action_flag": 1, "change_message": "[{\"added\": {}}]"}}, {"model": "admin.logentry", "pk": 27, "fields": {"action_time": "2023-03-01T16:49:31.631Z", "user": 1, "content_type": 28, "object_id": "1", "object_repr": "holliday", "action_flag": 2, "change_message": "[{\"changed\": {\"fields\": [\"Is showcase\"]}}]"}}, {"model": "admin.logentry", "pk": 28, "fields": {"action_time": "2023-03-01T16:51:51.173Z", "user": 1, "content_type": 18, "object_id": "1", "object_repr": "atx-jeans", "action_flag": 1, "change_message": "[{\"added\": {}}, {\"added\": {\"name\": \"Base product translation\", \"object\": \"ProductBaseTranslation object (1)\"}}]"}}, {"model": "admin.logentry", "pk": 29, "fields": {"action_time": "2023-03-01T16:53:23.011Z", "user": 1, "content_type": 18, "object_id": "2", "object_repr": "blue-shirt", "action_flag": 1, "change_message": "[{\"added\": {}}, {\"added\": {\"name\": \"Base product translation\", \"object\": \"ProductBaseTranslation object (2)\"}}]"}}, {"model": "admin.logentry", "pk": 30, "fields": {"action_time": "2023-03-01T16:54:48.278Z", "user": 1, "content_type": 18, "object_id": "3", "object_repr": "great-tshirt", "action_flag": 1, "change_message": "[{\"added\": {}}, {\"added\": {\"name\": \"Base product translation\", \"object\": \"ProductBaseTranslation object (3)\"}}]"}}, {"model": "admin.logentry", "pk": 31, "fields": {"action_time": "2023-03-01T17:04:40.050Z", "user": 1, "content_type": 18, "object_id": "4", "object_repr": "mavi-jeans", "action_flag": 1, "change_message": "[{\"added\": {}}, {\"added\": {\"name\": \"Base product translation\", \"object\": \"ProductBaseTranslation object (4)\"}}]"}}, {"model": "admin.logentry", "pk": 32, "fields": {"action_time": "2023-03-01T17:05:44.764Z", "user": 1, "content_type": 19, "object_id": "1", "object_repr": "jeans", "action_flag": 1, "change_message": "[{\"added\": {}}, {\"added\": {\"name\": \"product type attribute\", \"object\": \"ProductTypeAttribute object (1)\"}}, {\"added\": {\"name\": \"product type attribute\", \"object\": \"ProductTypeAttribute object (2)\"}}]"}}, {"model": "admin.logentry", "pk": 33, "fields": {"action_time": "2023-03-01T17:06:28.841Z", "user": 1, "content_type": 19, "object_id": "2", "object_repr": "shirts", "action_flag": 1, "change_message": "[{\"added\": {}}, {\"added\": {\"name\": \"product type attribute\", \"object\": \"ProductTypeAttribute object (3)\"}}, {\"added\": {\"name\": \"product type attribute\", \"object\": \"ProductTypeAttribute object (4)\"}}]"}}, {"model": "admin.logentry", "pk": 34, "fields": {"action_time": "2023-03-01T17:07:05.096Z", "user": 1, "content_type": 19, "object_id": "3", "object_repr": "t-shirt", "action_flag": 1, "change_message": "[{\"added\": {}}, {\"added\": {\"name\": \"product type attribute\", \"object\": \"ProductTypeAttribute object (5)\"}}, {\"added\": {\"name\": \"product type attribute\", \"object\": \"ProductTypeAttribute object (6)\"}}]"}}, {"model": "admin.logentry", "pk": 35, "fields": {"action_time": "2023-03-01T17:08:10.941Z", "user": 1, "content_type": 19, "object_id": "4", "object_repr": "sneakers", "action_flag": 1, "change_message": "[{\"added\": {}}, {\"added\": {\"name\": \"product type attribute\", \"object\": \"ProductTypeAttribute object (7)\"}}, {\"added\": {\"name\": \"product type attribute\", \"object\": \"ProductTypeAttribute object (8)\"}}]"}}, {"model": "admin.logentry", "pk": 36, "fields": {"action_time": "2023-03-01T17:08:52.061Z", "user": 1, "content_type": 19, "object_id": "5", "object_repr": "jackets", "action_flag": 1, "change_message": "[{\"added\": {}}, {\"added\": {\"name\": \"product type attribute\", \"object\": \"ProductTypeAttribute object (9)\"}}, {\"added\": {\"name\": \"product type attribute\", \"object\": \"ProductTypeAttribute object (10)\"}}]"}}, {"model": "admin.logentry", "pk": 37, "fields": {"action_time": "2023-03-01T17:11:45.848Z", "user": 1, "content_type": 15, "object_id": "1", "object_repr": "mavi-jeans|111222", "action_flag": 1, "change_message": "[{\"added\": {}}, {\"added\": {\"name\": \"Product image\", \"object\": \"Media object (1)\"}}, {\"added\": {\"name\": \"Product image\", \"object\": \"Media object (2)\"}}, {\"added\": {\"name\": \"Product image\", \"object\": \"Media object (3)\"}}]"}}, {"model": "admin.logentry", "pk": 38, "fields": {"action_time": "2023-03-01T17:14:11.016Z", "user": 1, "content_type": 18, "object_id": "5", "object_repr": "jordan-flight-basketball", "action_flag": 1, "change_message": "[{\"added\": {}}, {\"added\": {\"name\": \"Base product translation\", \"object\": \"ProductBaseTranslation object (5)\"}}]"}}, {"model": "admin.logentry", "pk": 39, "fields": {"action_time": "2023-03-01T17:15:26.669Z", "user": 1, "content_type": 18, "object_id": "6", "object_repr": "puma-ferrari-shoes", "action_flag": 1, "change_message": "[{\"added\": {}}, {\"added\": {\"name\": \"Base product translation\", \"object\": \"ProductBaseTranslation object (6)\"}}]"}}, {"model": "admin.logentry", "pk": 40, "fields": {"action_time": "2023-03-01T17:17:01.643Z", "user": 1, "content_type": 18, "object_id": "7", "object_repr": "us-polo-assn", "action_flag": 1, "change_message": "[{\"added\": {}}, {\"added\": {\"name\": \"Base product translation\", \"object\": \"ProductBaseTranslation object (7)\"}}]"}}, {"model": "admin.logentry", "pk": 41, "fields": {"action_time": "2023-03-01T17:18:24.109Z", "user": 1, "content_type": 18, "object_id": "8", "object_repr": "wrangler-shirt", "action_flag": 1, "change_message": "[{\"added\": {}}, {\"added\": {\"name\": \"Base product translation\", \"object\": \"ProductBaseTranslation object (8)\"}}]"}}, {"model": "admin.logentry", "pk": 42, "fields": {"action_time": "2023-03-01T17:20:43.202Z", "user": 1, "content_type": 15, "object_id": "2", "object_repr": "wrangler-shirt|11112222", "action_flag": 1, "change_message": "[{\"added\": {}}, {\"added\": {\"name\": \"product attribute values\", \"object\": \"ProductAttributeValues object (1)\"}}, {\"added\": {\"name\": \"product attribute values\", \"object\": \"ProductAttributeValues object (2)\"}}]"}}, {"model": "admin.logentry", "pk": 43, "fields": {"action_time": "2023-03-01T17:23:47.581Z", "user": 1, "content_type": 15, "object_id": "3", "object_repr": "blue-shirt|22221111", "action_flag": 1, "change_message": "[{\"added\": {}}, {\"added\": {\"name\": \"product attribute values\", \"object\": \"ProductAttributeValues object (3)\"}}, {\"added\": {\"name\": \"product attribute values\", \"object\": \"ProductAttributeValues object (4)\"}}]"}}, {"model": "admin.logentry", "pk": 44, "fields": {"action_time": "2023-03-01T17:25:20.005Z", "user": 1, "content_type": 15, "object_id": "4", "object_repr": "great-tshirt|11113333", "action_flag": 1, "change_message": "[{\"added\": {}}, {\"added\": {\"name\": \"product attribute values\", \"object\": \"ProductAttributeValues object (5)\"}}, {\"added\": {\"name\": \"product attribute values\", \"object\": \"ProductAttributeValues object (6)\"}}]"}}, {"model": "admin.logentry", "pk": 45, "fields": {"action_time": "2023-03-01T17:25:48.244Z", "user": 1, "content_type": 15, "object_id": "4", "object_repr": "great-tshirt|11113333", "action_flag": 2, "change_message": "[{\"changed\": {\"fields\": [\"Thumb\"]}}]"}}, {"model": "admin.logentry", "pk": 46, "fields": {"action_time": "2023-03-01T17:27:11.794Z", "user": 1, "content_type": 15, "object_id": "5", "object_repr": "jordan-basketball|22112211", "action_flag": 1, "change_message": "[{\"added\": {}}, {\"added\": {\"name\": \"product attribute values\", \"object\": \"ProductAttributeValues object (7)\"}}, {\"added\": {\"name\": \"product attribute values\", \"object\": \"ProductAttributeValues object (8)\"}}]"}}, {"model": "admin.logentry", "pk": 47, "fields": {"action_time": "2023-03-01T17:28:43.915Z", "user": 1, "content_type": 15, "object_id": "6", "object_repr": "puma-ferrari|33223322", "action_flag": 1, "change_message": "[{\"added\": {}}, {\"added\": {\"name\": \"product attribute values\", \"object\": \"ProductAttributeValues object (9)\"}}, {\"added\": {\"name\": \"product attribute values\", \"object\": \"ProductAttributeValues object (10)\"}}]"}}, {"model": "admin.logentry", "pk": 48, "fields": {"action_time": "2023-03-01T17:30:33.792Z", "user": 1, "content_type": 15, "object_id": "7", "object_repr": "us-polo-assn|34343434", "action_flag": 1, "change_message": "[{\"added\": {}}, {\"added\": {\"name\": \"product attribute values\", \"object\": \"ProductAttributeValues object (11)\"}}, {\"added\": {\"name\": \"product attribute values\", \"object\": \"ProductAttributeValues object (12)\"}}]"}}, {"model": "admin.logentry", "pk": 49, "fields": {"action_time": "2023-03-01T17:33:26.972Z", "user": 1, "content_type": 15, "object_id": "8", "object_repr": "atx-jeans-blue|45454545", "action_flag": 1, "change_message": "[{\"added\": {}}, {\"added\": {\"name\": \"product attribute values\", \"object\": \"ProductAttributeValues object (13)\"}}, {\"added\": {\"name\": \"product attribute values\", \"object\": \"ProductAttributeValues object (14)\"}}]"}}, {"model": "admin.logentry", "pk": 50, "fields": {"action_time": "2023-03-01T17:34:43.416Z", "user": 1, "content_type": 31, "object_id": "1", "object_repr": "Stock object (1)", "action_flag": 1, "change_message": "[{\"added\": {}}]"}}, {"model": "admin.logentry", "pk": 51, "fields": {"action_time": "2023-03-01T17:35:02.876Z", "user": 1, "content_type": 31, "object_id": "2", "object_repr": "Stock object (2)", "action_flag": 1, "change_message": "[{\"added\": {}}]"}}, {"model": "admin.logentry", "pk": 52, "fields": {"action_time": "2023-03-01T17:35:21.010Z", "user": 1, "content_type": 31, "object_id": "3", "object_repr": "Stock object (3)", "action_flag": 1, "change_message": "[{\"added\": {}}]"}}, {"model": "admin.logentry", "pk": 53, "fields": {"action_time": "2023-03-01T17:35:44.071Z", "user": 1, "content_type": 31, "object_id": "4", "object_repr": "Stock object (4)", "action_flag": 1, "change_message": "[{\"added\": {}}]"}}, {"model": "admin.logentry", "pk": 54, "fields": {"action_time": "2023-03-01T17:36:09.148Z", "user": 1, "content_type": 31, "object_id": "5", "object_repr": "Stock object (5)", "action_flag": 1, "change_message": "[{\"added\": {}}]"}}, {"model": "admin.logentry", "pk": 55, "fields": {"action_time": "2023-03-01T17:36:43.978Z", "user": 1, "content_type": 31, "object_id": "6", "object_repr": "Stock object (6)", "action_flag": 1, "change_message": "[{\"added\": {}}]"}}, {"model": "admin.logentry", "pk": 56, "fields": {"action_time": "2023-03-01T17:37:28.603Z", "user": 1, "content_type": 31, "object_id": "7", "object_repr": "Stock object (7)", "action_flag": 1, "change_message": "[{\"added\": {}}]"}}, {"model": "admin.logentry", "pk": 57, "fields": {"action_time": "2023-03-01T17:37:47.330Z", "user": 1, "content_type": 31, "object_id": "8", "object_repr": "Stock object (8)", "action_flag": 1, "change_message": "[{\"added\": {}}]"}}, {"model": "admin.logentry", "pk": 58, "fields": {"action_time": "2023-03-03T10:18:34.371Z", "user": 1, "content_type": 13, "object_id": "1", "object_repr": "grkr", "action_flag": 2, "change_message": "[{\"changed\": {\"fields\": [\"Name\"]}}]"}}, {"model": "admin.logentry", "pk": 59, "fields": {"action_time": "2023-03-06T09:09:46.477Z", "user": 1, "content_type": 18, "object_id": "3", "object_repr": "great-tshirt", "action_flag": 2, "change_message": "[{\"added\": {\"name\": \"Base product translation\", \"object\": \"ProductBaseTranslation object (9)\"}}]"}}, {"model": "admin.logentry", "pk": 60, "fields": {"action_time": "2023-03-06T09:15:26.172Z", "user": 1, "content_type": 18, "object_id": "8", "object_repr": "wrangler-shirt", "action_flag": 2, "change_message": "[{\"added\": {\"name\": \"Base product translation\", \"object\": \"ProductBaseTranslation object (10)\"}}, {\"changed\": {\"name\": \"Base product translation\", \"object\": \"ProductBaseTranslation object (8)\", \"fields\": [\"Meta description\"]}}]"}}, {"model": "admin.logentry", "pk": 61, "fields": {"action_time": "2023-03-06T09:15:48.462Z", "user": 1, "content_type": 18, "object_id": "7", "object_repr": "us-polo-assn", "action_flag": 2, "change_message": "[{\"added\": {\"name\": \"Base product translation\", \"object\": \"ProductBaseTranslation object (11)\"}}]"}}, {"model": "admin.logentry", "pk": 62, "fields": {"action_time": "2023-03-06T09:16:09.385Z", "user": 1, "content_type": 18, "object_id": "6", "object_repr": "puma-ferrari-shoes", "action_flag": 2, "change_message": "[{\"added\": {\"name\": \"Base product translation\", \"object\": \"ProductBaseTranslation object (12)\"}}]"}}, {"model": "admin.logentry", "pk": 63, "fields": {"action_time": "2023-03-06T09:16:41.772Z", "user": 1, "content_type": 18, "object_id": "5", "object_repr": "jordan-flight-basketball", "action_flag": 2, "change_message": "[{\"added\": {\"name\": \"Base product translation\", \"object\": \"ProductBaseTranslation object (13)\"}}]"}}, {"model": "admin.logentry", "pk": 64, "fields": {"action_time": "2023-03-06T09:17:00.044Z", "user": 1, "content_type": 18, "object_id": "4", "object_repr": "mavi-jeans", "action_flag": 2, "change_message": "[{\"added\": {\"name\": \"Base product translation\", \"object\": \"ProductBaseTranslation object (14)\"}}]"}}, {"model": "admin.logentry", "pk": 65, "fields": {"action_time": "2023-03-06T09:17:20.038Z", "user": 1, "content_type": 18, "object_id": "2", "object_repr": "blue-shirt", "action_flag": 2, "change_message": "[{\"added\": {\"name\": \"Base product translation\", \"object\": \"ProductBaseTranslation object (15)\"}}]"}}, {"model": "admin.logentry", "pk": 66, "fields": {"action_time": "2023-03-06T09:17:40.912Z", "user": 1, "content_type": 18, "object_id": "1", "object_repr": "atx-jeans", "action_flag": 2, "change_message": "[{\"added\": {\"name\": \"Base product translation\", \"object\": \"ProductBaseTranslation object (16)\"}}]"}}, {"model": "admin.logentry", "pk": 67, "fields": {"action_time": "2023-03-06T11:06:14.855Z", "user": 1, "content_type": 15, "object_id": "8", "object_repr": "atx-jeans-blue|45454545", "action_flag": 2, "change_message": "[{\"changed\": {\"fields\": [\"Ext name\"]}}]"}}, {"model": "admin.logentry", "pk": 68, "fields": {"action_time": "2023-03-08T14:25:56.321Z", "user": 1, "content_type": 15, "object_id": "9", "object_repr": "great-tshirt-2|444333", "action_flag": 1, "change_message": "[{\"added\": {}}, {\"added\": {\"name\": \"product attribute values\", \"object\": \"ProductAttributeValues object (15)\"}}, {\"added\": {\"name\": \"product attribute values\", \"object\": \"ProductAttributeValues object (16)\"}}]"}}, {"model": "admin.logentry", "pk": 69, "fields": {"action_time": "2023-03-08T14:44:41.177Z", "user": 1, "content_type": 15, "object_id": "9", "object_repr": "great-tshirt-2|444333", "action_flag": 2, "change_message": "[{\"changed\": {\"fields\": [\"Ext name\"]}}]"}}, {"model": "admin.logentry", "pk": 70, "fields": {"action_time": "2023-03-08T14:45:28.392Z", "user": 1, "content_type": 31, "object_id": "9", "object_repr": "Stock object (9)", "action_flag": 1, "change_message": "[{\"added\": {}}]"}}, {"model": "admin.logentry", "pk": 71, "fields": {"action_time": "2023-03-08T14:59:03.809Z", "user": 1, "content_type": 15, "object_id": "1", "object_repr": "mavi-jeans|111222", "action_flag": 2, "change_message": "[{\"changed\": {\"fields\": [\"Is default\"]}}]"}}, {"model": "admin.logentry", "pk": 72, "fields": {"action_time": "2023-03-09T07:24:40.488Z", "user": 1, "content_type": 15, "object_id": "1", "object_repr": "mavi-jeans|111222", "action_flag": 2, "change_message": "[{\"added\": {\"name\": \"product attribute values\", \"object\": \"ProductAttributeValues object (17)\"}}, {\"added\": {\"name\": \"product attribute values\", \"object\": \"ProductAttributeValues object (18)\"}}]"}}, {"model": "admin.logentry", "pk": 73, "fields": {"action_time": "2023-03-09T08:57:19.666Z", "user": 1, "content_type": 15, "object_id": "10", "object_repr": "great-shirt-3|23232323", "action_flag": 1, "change_message": "[{\"added\": {}}, {\"added\": {\"name\": \"product attribute values\", \"object\": \"ProductAttributeValues object (19)\"}}, {\"added\": {\"name\": \"product attribute values\", \"object\": \"ProductAttributeValues object (20)\"}}]"}}, {"model": "admin.logentry", "pk": 74, "fields": {"action_time": "2023-03-09T08:58:02.118Z", "user": 1, "content_type": 15, "object_id": "10", "object_repr": "great-shirt-3|23232323", "action_flag": 2, "change_message": "[{\"changed\": {\"name\": \"product attribute values\", \"object\": \"ProductAttributeValues object (19)\", \"fields\": [\"Attribute values\"]}}]"}}, {"model": "admin.logentry", "pk": 75, "fields": {"action_time": "2023-03-09T09:04:07.709Z", "user": 1, "content_type": 15, "object_id": "11", "object_repr": "great-shirt-4|676767676", "action_flag": 1, "change_message": "[{\"added\": {}}, {\"added\": {\"name\": \"product attribute values\", \"object\": \"ProductAttributeValues object (21)\"}}, {\"added\": {\"name\": \"product attribute values\", \"object\": \"ProductAttributeValues object (22)\"}}]"}}, {"model": "admin.logentry", "pk": 76, "fields": {"action_time": "2023-03-09T12:09:13.157Z", "user": 1, "content_type": 16, "object_id": "2", "object_repr": "clothing-size", "action_flag": 2, "change_message": "[{\"changed\": {\"fields\": [\"Name\"]}}]"}}, {"model": "admin.logentry", "pk": 77, "fields": {"action_time": "2023-03-09T12:09:29.727Z", "user": 1, "content_type": 16, "object_id": "1", "object_repr": "shoe-size", "action_flag": 2, "change_message": "[{\"changed\": {\"fields\": [\"Name\"]}}]"}}, {"model": "admin.logentry", "pk": 78, "fields": {"action_time": "2023-03-10T13:42:37.048Z", "user": 1, "content_type": 6, "object_id": "1", "object_repr": "adm@a.com", "action_flag": 2, "change_message": "[{\"changed\": {\"fields\": [\"User permissions\"]}}]"}}, {"model": "admin.logentry", "pk": 79, "fields": {"action_time": "2023-03-10T13:42:49.981Z", "user": 1, "content_type": 6, "object_id": "8", "object_repr": "u2@u.com", "action_flag": 2, "change_message": "[{\"changed\": {\"fields\": [\"User permissions\"]}}]"}}, {"model": "auth.permission", "pk": 1, "fields": {"name": "Can add log entry", "content_type": 1, "codename": "add_logentry"}}, {"model": "auth.permission", "pk": 2, "fields": {"name": "Can change log entry", "content_type": 1, "codename": "change_logentry"}}, {"model": "auth.permission", "pk": 3, "fields": {"name": "Can delete log entry", "content_type": 1, "codename": "delete_logentry"}}, {"model": "auth.permission", "pk": 4, "fields": {"name": "Can view log entry", "content_type": 1, "codename": "view_logentry"}}, {"model": "auth.permission", "pk": 5, "fields": {"name": "Can add permission", "content_type": 2, "codename": "add_permission"}}, {"model": "auth.permission", "pk": 6, "fields": {"name": "Can change permission", "content_type": 2, "codename": "change_permission"}}, {"model": "auth.permission", "pk": 7, "fields": {"name": "Can delete permission", "content_type": 2, "codename": "delete_permission"}}, {"model": "auth.permission", "pk": 8, "fields": {"name": "Can view permission", "content_type": 2, "codename": "view_permission"}}, {"model": "auth.permission", "pk": 9, "fields": {"name": "Can add group", "content_type": 3, "codename": "add_group"}}, {"model": "auth.permission", "pk": 10, "fields": {"name": "Can change group", "content_type": 3, "codename": "change_group"}}, {"model": "auth.permission", "pk": 11, "fields": {"name": "Can delete group", "content_type": 3, "codename": "delete_group"}}, {"model": "auth.permission", "pk": 12, "fields": {"name": "Can view group", "content_type": 3, "codename": "view_group"}}, {"model": "auth.permission", "pk": 13, "fields": {"name": "Can add content type", "content_type": 4, "codename": "add_contenttype"}}, {"model": "auth.permission", "pk": 14, "fields": {"name": "Can change content type", "content_type": 4, "codename": "change_contenttype"}}, {"model": "auth.permission", "pk": 15, "fields": {"name": "Can delete content type", "content_type": 4, "codename": "delete_contenttype"}}, {"model": "auth.permission", "pk": 16, "fields": {"name": "Can view content type", "content_type": 4, "codename": "view_contenttype"}}, {"model": "auth.permission", "pk": 17, "fields": {"name": "Can add session", "content_type": 5, "codename": "add_session"}}, {"model": "auth.permission", "pk": 18, "fields": {"name": "Can change session", "content_type": 5, "codename": "change_session"}}, {"model": "auth.permission", "pk": 19, "fields": {"name": "Can delete session", "content_type": 5, "codename": "delete_session"}}, {"model": "auth.permission", "pk": 20, "fields": {"name": "Can view session", "content_type": 5, "codename": "view_session"}}, {"model": "auth.permission", "pk": 21, "fields": {"name": "Can add Account", "content_type": 6, "codename": "add_account"}}, {"model": "auth.permission", "pk": 22, "fields": {"name": "Can change Account", "content_type": 6, "codename": "change_account"}}, {"model": "auth.permission", "pk": 23, "fields": {"name": "Can delete Account", "content_type": 6, "codename": "delete_account"}}, {"model": "auth.permission", "pk": 24, "fields": {"name": "Can view Account", "content_type": 6, "codename": "view_account"}}, {"model": "auth.permission", "pk": 25, "fields": {"name": "View page: Dashboard", "content_type": 6, "codename": "view_dashboard"}}, {"model": "auth.permission", "pk": 26, "fields": {"name": "Change account password", "content_type": 6, "codename": "change_password"}}, {"model": "auth.permission", "pk": 27, "fields": {"name": "Allow chat", "content_type": 6, "codename": "allow_chat"}}, {"model": "auth.permission", "pk": 28, "fields": {"name": "Can add Profile", "content_type": 7, "codename": "add_profile"}}, {"model": "auth.permission", "pk": 29, "fields": {"name": "Can change Profile", "content_type": 7, "codename": "change_profile"}}, {"model": "auth.permission", "pk": 30, "fields": {"name": "Can delete Profile", "content_type": 7, "codename": "delete_profile"}}, {"model": "auth.permission", "pk": 31, "fields": {"name": "Can view Profile", "content_type": 7, "codename": "view_profile"}}, {"model": "auth.permission", "pk": 32, "fields": {"name": "Can add Contact", "content_type": 8, "codename": "add_contact"}}, {"model": "auth.permission", "pk": 33, "fields": {"name": "Can change Contact", "content_type": 8, "codename": "change_contact"}}, {"model": "auth.permission", "pk": 34, "fields": {"name": "Can delete Contact", "content_type": 8, "codename": "delete_contact"}}, {"model": "auth.permission", "pk": 35, "fields": {"name": "Can view Contact", "content_type": 8, "codename": "view_contact"}}, {"model": "auth.permission", "pk": 36, "fields": {"name": "Can add Address", "content_type": 9, "codename": "add_address"}}, {"model": "auth.permission", "pk": 37, "fields": {"name": "Can change Address", "content_type": 9, "codename": "change_address"}}, {"model": "auth.permission", "pk": 38, "fields": {"name": "Can delete Address", "content_type": 9, "codename": "delete_address"}}, {"model": "auth.permission", "pk": 39, "fields": {"name": "Can view Address", "content_type": 9, "codename": "view_address"}}, {"model": "auth.permission", "pk": 40, "fields": {"name": "Can add admin", "content_type": 10, "codename": "add_admin"}}, {"model": "auth.permission", "pk": 41, "fields": {"name": "Can change admin", "content_type": 10, "codename": "change_admin"}}, {"model": "auth.permission", "pk": 42, "fields": {"name": "Can delete admin", "content_type": 10, "codename": "delete_admin"}}, {"model": "auth.permission", "pk": 43, "fields": {"name": "Can view admin", "content_type": 10, "codename": "view_admin"}}, {"model": "auth.permission", "pk": 44, "fields": {"name": "Can add customer", "content_type": 11, "codename": "add_customer"}}, {"model": "auth.permission", "pk": 45, "fields": {"name": "Can change customer", "content_type": 11, "codename": "change_customer"}}, {"model": "auth.permission", "pk": 46, "fields": {"name": "Can delete customer", "content_type": 11, "codename": "delete_customer"}}, {"model": "auth.permission", "pk": 47, "fields": {"name": "Can view customer", "content_type": 11, "codename": "view_customer"}}, {"model": "auth.permission", "pk": 48, "fields": {"name": "Can add employee", "content_type": 12, "codename": "add_employee"}}, {"model": "auth.permission", "pk": 49, "fields": {"name": "Can change employee", "content_type": 12, "codename": "change_employee"}}, {"model": "auth.permission", "pk": 50, "fields": {"name": "Can delete employee", "content_type": 12, "codename": "delete_employee"}}, {"model": "auth.permission", "pk": 51, "fields": {"name": "Can view employee", "content_type": 12, "codename": "view_employee"}}, {"model": "auth.permission", "pk": 52, "fields": {"name": "Can add Company", "content_type": 13, "codename": "add_company"}}, {"model": "auth.permission", "pk": 53, "fields": {"name": "Can change Company", "content_type": 13, "codename": "change_company"}}, {"model": "auth.permission", "pk": 54, "fields": {"name": "Can delete Company", "content_type": 13, "codename": "delete_company"}}, {"model": "auth.permission", "pk": 55, "fields": {"name": "Can view Company", "content_type": 13, "codename": "view_company"}}, {"model": "auth.permission", "pk": 56, "fields": {"name": "Can add Category", "content_type": 14, "codename": "add_category"}}, {"model": "auth.permission", "pk": 57, "fields": {"name": "Can change Category", "content_type": 14, "codename": "change_category"}}, {"model": "auth.permission", "pk": 58, "fields": {"name": "Can delete Category", "content_type": 14, "codename": "delete_category"}}, {"model": "auth.permission", "pk": 59, "fields": {"name": "Can view Category", "content_type": 14, "codename": "view_category"}}, {"model": "auth.permission", "pk": 60, "fields": {"name": "Can add Product", "content_type": 15, "codename": "add_product"}}, {"model": "auth.permission", "pk": 61, "fields": {"name": "Can change Product", "content_type": 15, "codename": "change_product"}}, {"model": "auth.permission", "pk": 62, "fields": {"name": "Can delete Product", "content_type": 15, "codename": "delete_product"}}, {"model": "auth.permission", "pk": 63, "fields": {"name": "Can view Product", "content_type": 15, "codename": "view_product"}}, {"model": "auth.permission", "pk": 64, "fields": {"name": "Can add Product attribute", "content_type": 16, "codename": "add_productattribute"}}, {"model": "auth.permission", "pk": 65, "fields": {"name": "Can change Product attribute", "content_type": 16, "codename": "change_productattribute"}}, {"model": "auth.permission", "pk": 66, "fields": {"name": "Can delete Product attribute", "content_type": 16, "codename": "delete_productattribute"}}, {"model": "auth.permission", "pk": 67, "fields": {"name": "Can view Product attribute", "content_type": 16, "codename": "view_productattribute"}}, {"model": "auth.permission", "pk": 68, "fields": {"name": "Can add product attribute value", "content_type": 17, "codename": "add_productattributevalue"}}, {"model": "auth.permission", "pk": 69, "fields": {"name": "Can change product attribute value", "content_type": 17, "codename": "change_productattributevalue"}}, {"model": "auth.permission", "pk": 70, "fields": {"name": "Can delete product attribute value", "content_type": 17, "codename": "delete_productattributevalue"}}, {"model": "auth.permission", "pk": 71, "fields": {"name": "Can view product attribute value", "content_type": 17, "codename": "view_productattributevalue"}}, {"model": "auth.permission", "pk": 72, "fields": {"name": "Can add Base product", "content_type": 18, "codename": "add_productbase"}}, {"model": "auth.permission", "pk": 73, "fields": {"name": "Can change Base product", "content_type": 18, "codename": "change_productbase"}}, {"model": "auth.permission", "pk": 74, "fields": {"name": "Can delete Base product", "content_type": 18, "codename": "delete_productbase"}}, {"model": "auth.permission", "pk": 75, "fields": {"name": "Can view Base product", "content_type": 18, "codename": "view_productbase"}}, {"model": "auth.permission", "pk": 76, "fields": {"name": "Can add Product type", "content_type": 19, "codename": "add_producttype"}}, {"model": "auth.permission", "pk": 77, "fields": {"name": "Can change Product type", "content_type": 19, "codename": "change_producttype"}}, {"model": "auth.permission", "pk": 78, "fields": {"name": "Can delete Product type", "content_type": 19, "codename": "delete_producttype"}}, {"model": "auth.permission", "pk": 79, "fields": {"name": "Can view Product type", "content_type": 19, "codename": "view_producttype"}}, {"model": "auth.permission", "pk": 80, "fields": {"name": "Can add product type attribute", "content_type": 20, "codename": "add_producttypeattribute"}}, {"model": "auth.permission", "pk": 81, "fields": {"name": "Can change product type attribute", "content_type": 20, "codename": "change_producttypeattribute"}}, {"model": "auth.permission", "pk": 82, "fields": {"name": "Can delete product type attribute", "content_type": 20, "codename": "delete_producttypeattribute"}}, {"model": "auth.permission", "pk": 83, "fields": {"name": "Can view product type attribute", "content_type": 20, "codename": "view_producttypeattribute"}}, {"model": "auth.permission", "pk": 84, "fields": {"name": "Can add Base product translation", "content_type": 21, "codename": "add_productbasetranslation"}}, {"model": "auth.permission", "pk": 85, "fields": {"name": "Can change Base product translation", "content_type": 21, "codename": "change_productbasetranslation"}}, {"model": "auth.permission", "pk": 86, "fields": {"name": "Can delete Base product translation", "content_type": 21, "codename": "delete_productbasetranslation"}}, {"model": "auth.permission", "pk": 87, "fields": {"name": "Can view Base product translation", "content_type": 21, "codename": "view_productbasetranslation"}}, {"model": "auth.permission", "pk": 88, "fields": {"name": "Can add product attribute values", "content_type": 22, "codename": "add_productattributevalues"}}, {"model": "auth.permission", "pk": 89, "fields": {"name": "Can change product attribute values", "content_type": 22, "codename": "change_productattributevalues"}}, {"model": "auth.permission", "pk": 90, "fields": {"name": "Can delete product attribute values", "content_type": 22, "codename": "delete_productattributevalues"}}, {"model": "auth.permission", "pk": 91, "fields": {"name": "Can view product attribute values", "content_type": 22, "codename": "view_productattributevalues"}}, {"model": "auth.permission", "pk": 92, "fields": {"name": "Can add Product image", "content_type": 23, "codename": "add_media"}}, {"model": "auth.permission", "pk": 93, "fields": {"name": "Can change Product image", "content_type": 23, "codename": "change_media"}}, {"model": "auth.permission", "pk": 94, "fields": {"name": "Can delete Product image", "content_type": 23, "codename": "delete_media"}}, {"model": "auth.permission", "pk": 95, "fields": {"name": "Can view Product image", "content_type": 23, "codename": "view_media"}}, {"model": "auth.permission", "pk": 96, "fields": {"name": "Can add Delivery", "content_type": 24, "codename": "add_delivery"}}, {"model": "auth.permission", "pk": 97, "fields": {"name": "Can change Delivery", "content_type": 24, "codename": "change_delivery"}}, {"model": "auth.permission", "pk": 98, "fields": {"name": "Can delete Delivery", "content_type": 24, "codename": "delete_delivery"}}, {"model": "auth.permission", "pk": 99, "fields": {"name": "Can view Delivery", "content_type": 24, "codename": "view_delivery"}}, {"model": "auth.permission", "pk": 100, "fields": {"name": "Can add Brand", "content_type": 25, "codename": "add_brand"}}, {"model": "auth.permission", "pk": 101, "fields": {"name": "Can change Brand", "content_type": 25, "codename": "change_brand"}}, {"model": "auth.permission", "pk": 102, "fields": {"name": "Can delete Brand", "content_type": 25, "codename": "delete_brand"}}, {"model": "auth.permission", "pk": 103, "fields": {"name": "Can view Brand", "content_type": 25, "codename": "view_brand"}}, {"model": "auth.permission", "pk": 104, "fields": {"name": "Can add Coupon", "content_type": 26, "codename": "add_coupon"}}, {"model": "auth.permission", "pk": 105, "fields": {"name": "Can change Coupon", "content_type": 26, "codename": "change_coupon"}}, {"model": "auth.permission", "pk": 106, "fields": {"name": "Can delete Coupon", "content_type": 26, "codename": "delete_coupon"}}, {"model": "auth.permission", "pk": 107, "fields": {"name": "Can view Coupon", "content_type": 26, "codename": "view_coupon"}}, {"model": "auth.permission", "pk": 108, "fields": {"name": "Can add product sale", "content_type": 27, "codename": "add_productsale"}}, {"model": "auth.permission", "pk": 109, "fields": {"name": "Can change product sale", "content_type": 27, "codename": "change_productsale"}}, {"model": "auth.permission", "pk": 110, "fields": {"name": "Can delete product sale", "content_type": 27, "codename": "delete_productsale"}}, {"model": "auth.permission", "pk": 111, "fields": {"name": "Can view product sale", "content_type": 27, "codename": "view_productsale"}}, {"model": "auth.permission", "pk": 112, "fields": {"name": "Can add Sale", "content_type": 28, "codename": "add_sale"}}, {"model": "auth.permission", "pk": 113, "fields": {"name": "Can change Sale", "content_type": 28, "codename": "change_sale"}}, {"model": "auth.permission", "pk": 114, "fields": {"name": "Can delete Sale", "content_type": 28, "codename": "delete_sale"}}, {"model": "auth.permission", "pk": 115, "fields": {"name": "Can view Sale", "content_type": 28, "codename": "view_sale"}}, {"model": "auth.permission", "pk": 116, "fields": {"name": "Can add Order", "content_type": 29, "codename": "add_order"}}, {"model": "auth.permission", "pk": 117, "fields": {"name": "Can change Order", "content_type": 29, "codename": "change_order"}}, {"model": "auth.permission", "pk": 118, "fields": {"name": "Can delete Order", "content_type": 29, "codename": "delete_order"}}, {"model": "auth.permission", "pk": 119, "fields": {"name": "Can view Order", "content_type": 29, "codename": "view_order"}}, {"model": "auth.permission", "pk": 120, "fields": {"name": "Can add order product", "content_type": 30, "codename": "add_orderproduct"}}, {"model": "auth.permission", "pk": 121, "fields": {"name": "Can change order product", "content_type": 30, "codename": "change_orderproduct"}}, {"model": "auth.permission", "pk": 122, "fields": {"name": "Can delete order product", "content_type": 30, "codename": "delete_orderproduct"}}, {"model": "auth.permission", "pk": 123, "fields": {"name": "Can view order product", "content_type": 30, "codename": "view_orderproduct"}}, {"model": "auth.permission", "pk": 124, "fields": {"name": "Can add Stock", "content_type": 31, "codename": "add_stock"}}, {"model": "auth.permission", "pk": 125, "fields": {"name": "Can change Stock", "content_type": 31, "codename": "change_stock"}}, {"model": "auth.permission", "pk": 126, "fields": {"name": "Can delete Stock", "content_type": 31, "codename": "delete_stock"}}, {"model": "auth.permission", "pk": 127, "fields": {"name": "Can view Stock", "content_type": 31, "codename": "view_stock"}}, {"model": "auth.permission", "pk": 128, "fields": {"name": "Can add Comment", "content_type": 32, "codename": "add_comment"}}, {"model": "auth.permission", "pk": 129, "fields": {"name": "Can change Comment", "content_type": 32, "codename": "change_comment"}}, {"model": "auth.permission", "pk": 130, "fields": {"name": "Can delete Comment", "content_type": 32, "codename": "delete_comment"}}, {"model": "auth.permission", "pk": 131, "fields": {"name": "Can view Comment", "content_type": 32, "codename": "view_comment"}}, {"model": "contenttypes.contenttype", "pk": 1, "fields": {"app_label": "admin", "model": "logentry"}}, {"model": "contenttypes.contenttype", "pk": 2, "fields": {"app_label": "auth", "model": "permission"}}, {"model": "contenttypes.contenttype", "pk": 3, "fields": {"app_label": "auth", "model": "group"}}, {"model": "contenttypes.contenttype", "pk": 4, "fields": {"app_label": "contenttypes", "model": "contenttype"}}, {"model": "contenttypes.contenttype", "pk": 5, "fields": {"app_label": "sessions", "model": "session"}}, {"model": "contenttypes.contenttype", "pk": 6, "fields": {"app_label": "account", "model": "account"}}, {"model": "contenttypes.contenttype", "pk": 7, "fields": {"app_label": "account", "model": "profile"}}, {"model": "contenttypes.contenttype", "pk": 8, "fields": {"app_label": "account", "model": "contact"}}, {"model": "contenttypes.contenttype", "pk": 9, "fields": {"app_label": "account", "model": "address"}}, {"model": "contenttypes.contenttype", "pk": 10, "fields": {"app_label": "account", "model": "admin"}}, {"model": "contenttypes.contenttype", "pk": 11, "fields": {"app_label": "account", "model": "customer"}}, {"model": "contenttypes.contenttype", "pk": 12, "fields": {"app_label": "account", "model": "employee"}}, {"model": "contenttypes.contenttype", "pk": 13, "fields": {"app_label": "company", "model": "company"}}, {"model": "contenttypes.contenttype", "pk": 14, "fields": {"app_label": "category", "model": "category"}}, {"model": "contenttypes.contenttype", "pk": 15, "fields": {"app_label": "product", "model": "product"}}, {"model": "contenttypes.contenttype", "pk": 16, "fields": {"app_label": "product", "model": "productattribute"}}, {"model": "contenttypes.contenttype", "pk": 17, "fields": {"app_label": "product", "model": "productattributevalue"}}, {"model": "contenttypes.contenttype", "pk": 18, "fields": {"app_label": "product", "model": "productbase"}}, {"model": "contenttypes.contenttype", "pk": 19, "fields": {"app_label": "product", "model": "producttype"}}, {"model": "contenttypes.contenttype", "pk": 20, "fields": {"app_label": "product", "model": "producttypeattribute"}}, {"model": "contenttypes.contenttype", "pk": 21, "fields": {"app_label": "product", "model": "productbasetranslation"}}, {"model": "contenttypes.contenttype", "pk": 22, "fields": {"app_label": "product", "model": "productattributevalues"}}, {"model": "contenttypes.contenttype", "pk": 23, "fields": {"app_label": "product", "model": "media"}}, {"model": "contenttypes.contenttype", "pk": 24, "fields": {"app_label": "delivery", "model": "delivery"}}, {"model": "contenttypes.contenttype", "pk": 25, "fields": {"app_label": "brand", "model": "brand"}}, {"model": "contenttypes.contenttype", "pk": 26, "fields": {"app_label": "sale", "model": "coupon"}}, {"model": "contenttypes.contenttype", "pk": 27, "fields": {"app_label": "sale", "model": "productsale"}}, {"model": "contenttypes.contenttype", "pk": 28, "fields": {"app_label": "sale", "model": "sale"}}, {"model": "contenttypes.contenttype", "pk": 29, "fields": {"app_label": "order", "model": "order"}}, {"model": "contenttypes.contenttype", "pk": 30, "fields": {"app_label": "order", "model": "orderproduct"}}, {"model": "contenttypes.contenttype", "pk": 31, "fields": {"app_label": "stock", "model": "stock"}}, {"model": "contenttypes.contenttype", "pk": 32, "fields": {"app_label": "product", "model": "comment"}}, {"model": "sessions.session", "pk": "01uv4wn5cr6eunx2pp0fno8thi49asrp", "fields": {"session_data": "eyJjYXJ0Ijp7fSwiY29tcGFyZSI6W10sIndpc2giOltdfQ:1pZvIs:hzhMCb2H-aj9BvaZig-Je4Xai2kUyY5VtzDEFEOZBDQ", "expire_date": "2023-03-22T15:02:06.903Z"}}, {"model": "sessions.session", "pk": "1mshlnc54zoe3gz1hxa9yazvz7swqqff", "fields": {"session_data": "eyJjYXJ0Ijp7fSwiY29tcGFyZSI6W10sIndpc2giOltdfQ:1pZqOC:l5I2fCpcqB9bmolBF7Vl0cObnnzf42GXWv6HReRmvR4", "expire_date": "2023-03-22T09:47:16.236Z"}}, {"model": "sessions.session", "pk": "1zkjyfeci5rptbbdmwpj2hnmudwfb0dy", "fields": {"session_data": "eyJjYXJ0Ijp7fSwiY29tcGFyZSI6W10sIndpc2giOltdfQ:1pZRwI:YPW0MT5_arhA9c9s_dY-O8GyBjCGntjLK9W4vwXNFdU", "expire_date": "2023-03-21T07:40:50.195Z"}}, {"model": "sessions.session", "pk": "214vtkzfvvh7tcohb4n6fd5t8llz355i", "fields": {"session_data": "eyJjYXJ0Ijp7fSwiY29tcGFyZSI6W10sIndpc2giOltdfQ:1pZoxT:qa4XBSRiT28mWBM96QDSYDre70GcKkhLu7dbDrtrEUs", "expire_date": "2023-03-22T08:15:35.748Z"}}, {"model": "sessions.session", "pk": "2g47u4dt9w8yldv1rh1f5paaphmteahs", "fields": {"session_data": "eyJjYXJ0Ijp7fSwiY29tcGFyZSI6W10sIndpc2giOltdfQ:1pZoxU:LT_LFbBRyUdKL4V-KrQ0m7lyYFsST1SmgPJKOzRzvy4", "expire_date": "2023-03-22T08:15:36.695Z"}}, {"model": "sessions.session", "pk": "4yhuvjdlta22pnesf9dnuogm7gol49q5", "fields": {"session_data": "eyJjYXJ0Ijp7fSwiY29tcGFyZSI6W10sIndpc2giOltdfQ:1pZooM:rrmon2V52AboQhKwqkQww-162mJChquJi40WULItsTk", "expire_date": "2023-03-22T08:06:10.502Z"}}, {"model": "sessions.session", "pk": "5pivxh02hb194pg07x7xxzsw11sv2wj7", "fields": {"session_data": "eyJjYXJ0Ijp7fSwiY29tcGFyZSI6W10sIndpc2giOltdfQ:1pZQ1G:tlEMaokplApONBTW6tVsvuANm5YbObB_oD4rp8Vyjdw", "expire_date": "2023-03-21T05:37:50.136Z"}}, {"model": "sessions.session", "pk": "6h47fzhmlp82u5910099c9yqhysmh7n2", "fields": {"session_data": "eyJjYXJ0Ijp7fSwiY29tcGFyZSI6W10sIndpc2giOltdfQ:1pZRpf:rvA2tus_wIkKWh4MDMuD85YUJzAMlZKNs7Wy0hsfvPE", "expire_date": "2023-03-21T07:33:59.221Z"}}, {"model": "sessions.session", "pk": "7318vqapqjfoc78obrvjmvg8gfx1p5f5", "fields": {"session_data": "eyJjYXJ0Ijp7fSwiY29tcGFyZSI6W10sIndpc2giOltdfQ:1pZtxb:nf6KMjVDcXe2Su8eiZezC7IDa2eA50EH5YmJ-qkPKwM", "expire_date": "2023-03-22T13:36:03.309Z"}}, {"model": "sessions.session", "pk": "7bif9ytyy5tj9f2a63rchju3x1kzlrvh", "fields": {"session_data": "eyJjYXJ0Ijp7fSwiY29tcGFyZSI6W10sIndpc2giOltdfQ:1pZvtK:Q4skzY_51fj1AIq-kTOZAA93VW-dlO336Sz_bGJt_Vc", "expire_date": "2023-03-22T15:39:46.071Z"}}, {"model": "sessions.session", "pk": "83ngppj3vycrllluuc1ml1izellvdmll", "fields": {"session_data": "eyJjYXJ0Ijp7fSwiY29tcGFyZSI6W10sIndpc2giOltdfQ:1pZocr:jGpu2vVldH84q_g87KQ4KeNSkxc_n2oOeu4HCmBZ2CU", "expire_date": "2023-03-22T07:54:17.469Z"}}, {"model": "sessions.session", "pk": "8ck1acg69h6l9g18fngcvt7x1fnc2ziz", "fields": {"session_data": "eyJjYXJ0Ijp7fSwiY29tcGFyZSI6W10sIndpc2giOltdfQ:1paGnV:GMmQhRG5oYeq2R7rJqeV2GqOVGgRxshGLlgCCgTKKy4", "expire_date": "2023-03-23T13:59:09.708Z"}}, {"model": "sessions.session", "pk": "9i09nraug46v86rh1vusdve4kaphiedp", "fields": {"session_data": "eyJjYXJ0Ijp7fSwiY29tcGFyZSI6W10sIndpc2giOltdfQ:1pZRrE:FD1yqaWPMCIuGsoEMz4nppI04ybTd_QMOgfO1Av2YCo", "expire_date": "2023-03-21T07:35:36.264Z"}}, {"model": "sessions.session", "pk": "aj6nohqcpdrcsp6kr5c4rdqyrzz0maei", "fields": {"session_data": "eyJjYXJ0Ijp7fSwiY29tcGFyZSI6W10sIndpc2giOltdfQ:1pZQ1H:h9yA_e-pLmIYt92XaWzLxhTsXPyQjFgbo9OBJkIkLUQ", "expire_date": "2023-03-21T05:37:51.130Z"}}, {"model": "sessions.session", "pk": "cbs4irckcza5rttize4k0fquh4j8t2si", "fields": {"session_data": "eyJjYXJ0Ijp7fSwiY29tcGFyZSI6W10sIndpc2giOltdfQ:1pZobA:vNeUcH4Me7aEgDIJfsnah7GJOUvJ8LDdveBS8gsn9rU", "expire_date": "2023-03-22T07:52:32.518Z"}}, {"model": "sessions.session", "pk": "cg3e3hoh71ygdv1naf6pnwsndqcnmkqp", "fields": {"session_data": "eyJjYXJ0Ijp7fSwiY29tcGFyZSI6W10sIndpc2giOltdfQ:1pZRwJ:xHWAntm9-5iM2NqTxIWkoLhnzRGA5HHR4cQs_-s0-rc", "expire_date": "2023-03-21T07:40:51.218Z"}}, {"model": "sessions.session", "pk": "drolg4wpo9rppdyijrpntaignb67zawd", "fields": {"session_data": "eyJjYXJ0Ijp7fSwiY29tcGFyZSI6W10sIndpc2giOltdfQ:1paGnX:lJ7cBnDQYOgMgKY-fPpmvpTGb_PL5FSz2cAneMtKZmE", "expire_date": "2023-03-23T13:59:11.962Z"}}, {"model": "sessions.session", "pk": "dz0kat3aqvagiu9t9mot79g5kb3pr67x", "fields": {"session_data": "eyJjYXJ0Ijp7fSwiY29tcGFyZSI6W10sIndpc2giOltdfQ:1pZqOE:YatelbymPfEsXjSW1nLQciWdwGLZAbDmiL3Q-HUpGJo", "expire_date": "2023-03-22T09:47:18.431Z"}}, {"model": "sessions.session", "pk": "gs0z87cie95oo0czi7f31atc0m68kywu", "fields": {"session_data": "eyJjYXJ0Ijp7fSwiY29tcGFyZSI6W10sIndpc2giOltdfQ:1pZSDi:j0DNcTVR13QDJ-lDO8YN1bb2onY49fnI2GQMizpjk60", "expire_date": "2023-03-21T07:58:50.474Z"}}, {"model": "sessions.session", "pk": "j1elqftd8l86xp7eq6wxzn833qiw5whf", "fields": {"session_data": "eyJjYXJ0Ijp7fSwiY29tcGFyZSI6W10sIndpc2giOltdfQ:1pZocp:dkQNadVxXWQsLax3JXgAXtmnkF2eUQIDdbqK6hc021o", "expire_date": "2023-03-22T07:54:15.958Z"}}, {"model": "sessions.session", "pk": "jdqhymvyom4z5eh6lknfub1b5mk3lehr", "fields": {"session_data": "eyJjYXJ0Ijp7fSwiY29tcGFyZSI6W10sIndpc2giOltdfQ:1pZv6t:vOpW-Y5rWY5xA0fJHjrTiG4IPMczomVDsxrmk5bpB0E", "expire_date": "2023-03-22T14:49:43.871Z"}}, {"model": "sessions.session", "pk": "lh1ffj75im4ll07qf1ttdmjoq9zteogy", "fields": {"session_data": "eyJjYXJ0Ijp7fSwiY29tcGFyZSI6W10sIndpc2giOltdfQ:1pZvIr:B7m2k7XAJUC5voU_yOnFxfoPCe4mlEHFTxDVT7bBvD4", "expire_date": "2023-03-22T15:02:05.811Z"}}, {"model": "sessions.session", "pk": "myllhgx2f78h575b97a075eml4n30t66", "fields": {"session_data": "eyJjYXJ0Ijp7fSwiY29tcGFyZSI6W10sIndpc2giOltdfQ:1pZob9:JqxGQBh9qqxemsY5-vsbLIew2WJOeVUIZStZSjDk3to", "expire_date": "2023-03-22T07:52:31.291Z"}}, {"model": "sessions.session", "pk": "nb0gwttpz5c0bdbwodub0l2p6jzb6ao3", "fields": {"session_data": "eyJjYXJ0Ijp7fSwiY29tcGFyZSI6W10sIndpc2giOltdfQ:1paiUV:82Db-tUwboPnPZnC9pdR0x0JfgzZaHibVILZ80hJ0eI", "expire_date": "2023-03-24T19:33:23.011Z"}}, {"model": "sessions.session", "pk": "ndt51fzjuuhfdbvdoe50glt2hel6lzl5", "fields": {"session_data": "eyJjYXJ0Ijp7fSwiY29tcGFyZSI6W10sIndpc2giOltdfQ:1pabYn:3P3o8aNcRgYVYADOz_6n2SRABdm3y10F1dzCS9fTNOo", "expire_date": "2023-03-24T12:09:21.386Z"}}, {"model": "sessions.session", "pk": "ogtpm37uohxntz6bq0f6hx7equrtjzm1", "fields": {"session_data": "eyJjYXJ0Ijp7fSwiY29tcGFyZSI6W10sIndpc2giOltdfQ:1pabZs:x8_6zIwhz4oc6DqLVjR5Nxotm0EbsjKbOaMIExABuJg", "expire_date": "2023-03-24T12:10:28.124Z"}}, {"model": "sessions.session", "pk": "qipdjrpw0hsclts1mpj9m2lwbad5s4xp", "fields": {"session_data": "eyJjYXJ0Ijp7fSwiY29tcGFyZSI6W10sIndpc2giOltdfQ:1pZooL:_fBQrVbAL5GdvawAg-vbcrG5lEIthLEWvR14sA4-o8A", "expire_date": "2023-03-22T08:06:09.553Z"}}, {"model": "sessions.session", "pk": "qyf0paqte24bdlq88ek7jre9avt0awgq", "fields": {"session_data": "eyJjYXJ0Ijp7fSwiY29tcGFyZSI6W10sIndpc2giOltdfQ:1pZRrF:visLLJP6Xl2kIiP-6bJUO6eURm0pM9KOm2fSMFGmNf8", "expire_date": "2023-03-21T07:35:37.529Z"}}, {"model": "sessions.session", "pk": "rollx9hi9en4pa0mw6bi5jt6z30eiuk4", "fields": {"session_data": "eyJjYXJ0Ijp7fSwiY29tcGFyZSI6W10sIndpc2giOltdfQ:1pZtxc:TAdPSJx5wpMVD13dABIHZI8BC_67gQQoy1kXQjLjhto", "expire_date": "2023-03-22T13:36:04.867Z"}}, {"model": "sessions.session", "pk": "te31z77s4wa6ldfoq5vqj76qruxl1pv4", "fields": {"session_data": "eyJjYXJ0Ijp7fSwiY29tcGFyZSI6W10sIndpc2giOltdfQ:1pZRpd:1r4SIMR_-SiU5pn1rFn6uPY87n0gsWhSxJsRjwTgKL0", "expire_date": "2023-03-21T07:33:57.814Z"}}, {"model": "sessions.session", "pk": "twcwzo7iiz5rbr7hd94t0v4tu85tmlo1", "fields": {"session_data": "eyJjYXJ0Ijp7fSwiY29tcGFyZSI6W10sIndpc2giOltdfQ:1pZv6v:xRgPggw88zPOnEXm75knEF4XfNu3NwASvEO9qNypW8E", "expire_date": "2023-03-22T14:49:45.761Z"}}, {"model": "sessions.session", "pk": "u0yf7h1n3cy34we0cs5uojibce7snp62", "fields": {"session_data": "eyJjYXJ0Ijp7fSwiY29tcGFyZSI6W10sIndpc2giOltdfQ:1pZvtH:0X9exxoJuldD5IUL_iWQFwpk2OOrk7RfxYZEwDAxexA", "expire_date": "2023-03-22T15:39:43.611Z"}}, {"model": "sessions.session", "pk": "vbwossux9j0eqcdy4r8vckznascggwfw", "fields": {"session_data": "eyJjYXJ0Ijp7fSwiY29tcGFyZSI6W10sIndpc2giOltdfQ:1padMY:RxP5DDPFR-bQ95xeqjGWFV1WRvQKgYCBMdVEzT6dwVE", "expire_date": "2023-03-24T14:04:50.572Z"}}, {"model": "sessions.session", "pk": "wc0uz5ztgc20eq1jx2q95z2ktbj0kqqz", "fields": {"session_data": "eyJjYXJ0Ijp7fSwiY29tcGFyZSI6W10sIndpc2giOltdfQ:1pZSDj:Ri_2qegmXNWF7DTJrXn9aJ-AidKsloDzhPaxmVLAmnA", "expire_date": "2023-03-21T07:58:51.489Z"}}, {"model": "account.account", "pk": 1, "fields": {"password": "pbkdf2_sha256$390000$HfLg1BaoNXV5bKWyUJZNds$/QlEwTPVaJctng4tZy22s/vhdnAm8FZp20HNA32RcFI=", "last_login": "2023-03-10T13:41:43.585Z", "is_superuser": true, "is_valid": true, "deleted_at": null, "created_at": "2023-03-01T15:55:21.325Z", "updated_at": "2023-03-10T13:42:37.040Z", "_type": "ADMIN", "email": "adm@a.com", "is_staff": true, "is_active": true, "is_verified": true, "wish": {"grkr": []}, "compare": {"grkr": []}, "groups": [], "user_permissions": [25]}}, {"model": "account.account", "pk": 8, "fields": {"password": "pbkdf2_sha256$390000$DfFEvMqp3Mc2n1JCOcWGe9$9TShDjkCFM80GUZePR4J0uXsE+ZU3O3HxXw2EhNA6W0=", "last_login": "2023-03-10T19:06:17.369Z", "is_superuser": false, "is_valid": true, "deleted_at": null, "created_at": "2023-03-10T10:37:26.589Z", "updated_at": "2023-03-10T13:42:49.971Z", "_type": "CUSTOMER", "email": "u2@u.com", "is_staff": false, "is_active": false, "is_verified": true, "wish": null, "compare": null, "groups": [], "user_permissions": [25]}}, {"model": "account.account", "pk": 15, "fields": {"password": "pbkdf2_sha256$390000$IqyoLlUV2q6QstD09rUfd3$OV7zfM299I1ohpMCSt7XPWH/8t2pLQ/0p6xZvg874eE=", "last_login": null, "is_superuser": false, "is_valid": true, "deleted_at": null, "created_at": "2023-03-10T17:19:39.555Z", "updated_at": null, "_type": "CUSTOMER", "email": "u3@u.com", "is_staff": false, "is_active": false, "is_verified": false, "wish": null, "compare": null, "groups": [], "user_permissions": []}}, {"model": "account.profile", "pk": 1, "fields": {"first_name": "Qwerty", "middle_name": null, "last_name": "Qwerty", "photo": "", "phone": "555-33-33-33", "age": null, "birthdate": null, "sex": "MALE", "account": 15}}, {"model": "company.company", "pk": 1, "fields": {"is_valid": true, "created_at": "2023-03-01T15:59:03.539Z", "updated_at": "2023-03-03T10:18:34.031Z", "alias": "grkr", "name": {"en": "GreatKart"}, "logo": "company/grkr/logo/logo_dRSAQIy.png", "options": {"theme": "light", "layout": "company/layouts/upper.html"}}}, {"model": "category.category", "pk": 1, "fields": {"is_valid": true, "deleted_at": null, "created_at": "2023-03-01T16:23:28.051Z", "updated_at": null, "slug": "shoes", "name": {"en": "Shoes"}, "thumb": "", "svg": "", "thumb_as": "HIDDEN", "parent": null, "position": 0, "created_by": 1, "updated_by": null, "company": 1, "lft": 1, "rght": 4, "tree_id": 2, "level": 0}}, {"model": "category.category", "pk": 2, "fields": {"is_valid": true, "deleted_at": null, "created_at": "2023-03-01T16:24:06.140Z", "updated_at": null, "slug": "clothes", "name": {"en": "Clothes"}, "thumb": "", "svg": "", "thumb_as": "HIDDEN", "parent": null, "position": 0, "created_by": 1, "updated_by": null, "company": 1, "lft": 1, "rght": 10, "tree_id": 1, "level": 0}}, {"model": "category.category", "pk": 3, "fields": {"is_valid": true, "deleted_at": null, "created_at": "2023-03-01T16:25:47.636Z", "updated_at": null, "slug": "jackets", "name": {"en": "Jackets"}, "thumb": "company/grkr/category/thumb/jackets/jackets_1j2tZap.jpg", "svg": "", "thumb_as": "IMG", "parent": 2, "position": 0, "created_by": 1, "updated_by": null, "company": 1, "lft": 8, "rght": 9, "tree_id": 1, "level": 1}}, {"model": "category.category", "pk": 4, "fields": {"is_valid": true, "deleted_at": null, "created_at": "2023-03-01T16:26:36.107Z", "updated_at": "2023-03-01T16:27:52.112Z", "slug": "jeans", "name": {"en": "Jeans"}, "thumb": "company/grkr/category/thumb/jeans/jeans_dN6z1v7.jpg", "svg": "", "thumb_as": "IMG", "parent": 2, "position": 0, "created_by": 1, "updated_by": 1, "company": 1, "lft": 6, "rght": 7, "tree_id": 1, "level": 1}}, {"model": "category.category", "pk": 5, "fields": {"is_valid": true, "deleted_at": null, "created_at": "2023-03-01T16:27:25.531Z", "updated_at": "2023-03-01T16:27:59.228Z", "slug": "shirts", "name": {"en": "Shirts"}, "thumb": "company/grkr/category/thumb/shirts/shirts_lwQWPHr.jpg", "svg": "", "thumb_as": "IMG", "parent": 2, "position": 0, "created_by": 1, "updated_by": 1, "company": 1, "lft": 4, "rght": 5, "tree_id": 1, "level": 1}}, {"model": "category.category", "pk": 6, "fields": {"is_valid": true, "deleted_at": null, "created_at": "2023-03-01T16:29:01.260Z", "updated_at": null, "slug": "t-shirts", "name": {"en": "T-Shirts"}, "thumb": "company/grkr/category/thumb/t-shirts/tshirts.jpg", "svg": "", "thumb_as": "IMG", "parent": 2, "position": 0, "created_by": 1, "updated_by": null, "company": 1, "lft": 2, "rght": 3, "tree_id": 1, "level": 1}}, {"model": "category.category", "pk": 7, "fields": {"is_valid": true, "deleted_at": null, "created_at": "2023-03-01T16:30:40.950Z", "updated_at": null, "slug": "sneakers", "name": {"en": "Sneakers"}, "thumb": "company/grkr/category/thumb/sneakers/shoes.png", "svg": "", "thumb_as": "IMG", "parent": 1, "position": 0, "created_by": 1, "updated_by": null, "company": 1, "lft": 2, "rght": 3, "tree_id": 2, "level": 1}}, {"model": "product.productbase", "pk": 1, "fields": {"is_valid": true, "deleted_at": null, "created_at": "2023-03-01T16:51:51.153Z", "updated_at": "2023-03-06T09:17:40.907Z", "slug": "atx-jeans", "name": {"en": "ATX-Jeans"}, "short_desc": null, "category": 4, "created_by": 1, "updated_by": 1, "company": 1}}, {"model": "product.productbase", "pk": 2, "fields": {"is_valid": true, "deleted_at": null, "created_at": "2023-03-01T16:53:22.992Z", "updated_at": "2023-03-06T09:17:20.033Z", "slug": "blue-shirt", "name": {"en": "Blue-Shirt"}, "short_desc": null, "category": 5, "created_by": 1, "updated_by": 1, "company": 1}}, {"model": "product.productbase", "pk": 3, "fields": {"is_valid": true, "deleted_at": null, "created_at": "2023-03-01T16:54:48.262Z", "updated_at": "2023-03-06T09:09:46.300Z", "slug": "great-tshirt", "name": {"en": "Great-Tshirt"}, "short_desc": null, "category": 6, "created_by": 1, "updated_by": 1, "company": 1}}, {"model": "product.productbase", "pk": 4, "fields": {"is_valid": true, "deleted_at": null, "created_at": "2023-03-01T17:04:39.963Z", "updated_at": "2023-03-06T09:17:00.040Z", "slug": "mavi-jeans", "name": {"en": "Mavi jeans"}, "short_desc": null, "category": 4, "created_by": 1, "updated_by": 1, "company": 1}}, {"model": "product.productbase", "pk": 5, "fields": {"is_valid": true, "deleted_at": null, "created_at": "2023-03-01T17:14:10.952Z", "updated_at": "2023-03-06T09:16:41.768Z", "slug": "jordan-flight-basketball", "name": {"en": "Jordan flight basketball"}, "short_desc": null, "category": 7, "created_by": 1, "updated_by": 1, "company": 1}}, {"model": "product.productbase", "pk": 6, "fields": {"is_valid": true, "deleted_at": null, "created_at": "2023-03-01T17:15:26.593Z", "updated_at": "2023-03-06T09:16:09.380Z", "slug": "puma-ferrari-shoes", "name": {"en": "Puma Ferrari Shoes"}, "short_desc": null, "category": 7, "created_by": 1, "updated_by": 1, "company": 1}}, {"model": "product.productbase", "pk": 7, "fields": {"is_valid": true, "deleted_at": null, "created_at": "2023-03-01T17:17:01.566Z", "updated_at": "2023-03-06T09:15:48.457Z", "slug": "us-polo-assn", "name": {"en": "US Polo Assn"}, "short_desc": null, "category": 3, "created_by": 1, "updated_by": 1, "company": 1}}, {"model": "product.productbase", "pk": 8, "fields": {"is_valid": true, "deleted_at": null, "created_at": "2023-03-01T17:18:24.001Z", "updated_at": "2023-03-06T09:15:26.162Z", "slug": "wrangler-shirt", "name": {"en": "Wrangler shirt"}, "short_desc": null, "category": 5, "created_by": 1, "updated_by": 1, "company": 1}}, {"model": "product.productbasetranslation", "pk": 1, "fields": {"meta_keywords": "ATX-Jeans", "meta_description": "ATX-Jeans", "lang": "en", "description": "ATX-Jeans\r\n\r\nLorem ipsum dolor sit amet, consectetur adipiscing elit. Donec commodo porttitor laoreet. Duis aliquam ipsum et quam sodales rhoncus. Etiam in nulla et ex viverra ornare. Mauris rutrum neque quis pulvinar tempus. Aenean id leo nec sem auctor placerat. Proin ut vehicula ex, et volutpat neque. Vestibulum bibendum mattis turpis nec consectetur. Praesent lobortis, velit vitae suscipit rhoncus, nisl purus luctus nulla, quis tempus tortor eros sed sapien.\r\n\r\nAliquam erat volutpat. Sed fringilla tincidunt pretium. Integer nisl turpis, pulvinar nec pellentesque quis, malesuada et turpis. Morbi et nisi ac ex mollis rutrum ac nec felis. Praesent tincidunt nisl vel rhoncus fringilla. Donec ac vehicula felis, feugiat dapibus augue. Vestibulum tristique tellus a nisi convallis, rutrum interdum urna dapibus. Morbi fermentum euismod euismod. Praesent mauris ipsum, tristique ac felis consectetur, blandit posuere justo. Donec sit amet leo molestie, euismod eros ac, auctor magna. Integer a urna in diam mattis bibendum. Nullam tristique erat quam, id ultricies est facilisis vel. Suspendisse metus nisi, dignissim vel dui quis, cursus pretium ante.\r\n\r\nNullam scelerisque in augue et mattis. Vestibulum at imperdiet eros. Cras interdum nisi vitae ex egestas faucibus. Mauris lacinia, ipsum et congue porta, mauris augue convallis massa, ac tempor neque risus vel lorem. Ut ut neque odio. Etiam neque lacus, laoreet aliquet convallis et, ultricies sed ligula. Suspendisse at ante purus. Aliquam blandit efficitur mauris, a pretium eros pellentesque aliquet. Vivamus eget orci interdum, aliquet nunc id, mollis risus. Vestibulum luctus finibus felis et luctus. Pellentesque vel sagittis arcu, et molestie nunc.\r\n\r\nMauris congue diam et nibh scelerisque, in iaculis augue convallis. Interdum et malesuada fames ac ante ipsum primis in faucibus. Ut malesuada nibh nec ullamcorper consectetur. Mauris sit amet nunc eget leo placerat laoreet. Morbi aliquam vestibulum nunc, in imperdiet arcu volutpat et. Vivamus rutrum eros sed enim molestie, non placerat neque rutrum. In leo eros, vulputate facilisis mauris rutrum, hendrerit tincidunt felis. Vivamus finibus, ex vel ornare vestibulum, arcu mi maximus ligula, nec vulputate justo purus eget metus. Praesent mattis mi quis mattis fringilla. Pellentesque tincidunt sem sed urna fermentum, eu pharetra purus mattis. Nullam quis purus consectetur, aliquet ipsum semper, euismod mauris. Suspendisse a augue eu libero aliquet consequat. Morbi nec cursus lectus, sed dictum eros. Donec at nunc sed diam bibendum faucibus sed nec sapien.\r\n\r\nEtiam quis feugiat mi. Aliquam porta sapien et mi tincidunt aliquam. Nam eget turpis nec nulla dictum blandit vel egestas augue. Mauris condimentum enim eget ipsum interdum, quis elementum mi sollicitudin. Praesent placerat, magna et mattis eleifend, turpis mi pellentesque lorem, a sagittis metus libero eu purus. Proin sodales, tortor at posuere rutrum, purus arcu bibendum nulla, semper congue nunc lectus vitae nunc. Nam id dolor sed metus molestie mollis. Aliquam feugiat ullamcorper quam, eget dignissim metus rutrum pharetra. Suspendisse convallis rutrum risus, vitae vehicula mauris pretium et. Etiam dui quam, congue nec ante eu, mattis cursus odio.", "prod_base": 1}}, {"model": "product.productbasetranslation", "pk": 2, "fields": {"meta_keywords": "Blue-Shirt", "meta_description": "Blue-Shirt", "lang": "en", "description": "Blue-Shirt\r\n\r\nLorem ipsum dolor sit amet, consectetur adipiscing elit. Donec commodo porttitor laoreet. Duis aliquam ipsum et quam sodales rhoncus. Etiam in nulla et ex viverra ornare. Mauris rutrum neque quis pulvinar tempus. Aenean id leo nec sem auctor placerat. Proin ut vehicula ex, et volutpat neque. Vestibulum bibendum mattis turpis nec consectetur. Praesent lobortis, velit vitae suscipit rhoncus, nisl purus luctus nulla, quis tempus tortor eros sed sapien.\r\n\r\nAliquam erat volutpat. Sed fringilla tincidunt pretium. Integer nisl turpis, pulvinar nec pellentesque quis, malesuada et turpis. Morbi et nisi ac ex mollis rutrum ac nec felis. Praesent tincidunt nisl vel rhoncus fringilla. Donec ac vehicula felis, feugiat dapibus augue. Vestibulum tristique tellus a nisi convallis, rutrum interdum urna dapibus. Morbi fermentum euismod euismod. Praesent mauris ipsum, tristique ac felis consectetur, blandit posuere justo. Donec sit amet leo molestie, euismod eros ac, auctor magna. Integer a urna in diam mattis bibendum. Nullam tristique erat quam, id ultricies est facilisis vel. Suspendisse metus nisi, dignissim vel dui quis, cursus pretium ante.\r\n\r\nNullam scelerisque in augue et mattis. Vestibulum at imperdiet eros. Cras interdum nisi vitae ex egestas faucibus. Mauris lacinia, ipsum et congue porta, mauris augue convallis massa, ac tempor neque risus vel lorem. Ut ut neque odio. Etiam neque lacus, laoreet aliquet convallis et, ultricies sed ligula. Suspendisse at ante purus. Aliquam blandit efficitur mauris, a pretium eros pellentesque aliquet. Vivamus eget orci interdum, aliquet nunc id, mollis risus. Vestibulum luctus finibus felis et luctus. Pellentesque vel sagittis arcu, et molestie nunc.\r\n\r\nMauris congue diam et nibh scelerisque, in iaculis augue convallis. Interdum et malesuada fames ac ante ipsum primis in faucibus. Ut malesuada nibh nec ullamcorper consectetur. Mauris sit amet nunc eget leo placerat laoreet. Morbi aliquam vestibulum nunc, in imperdiet arcu volutpat et. Vivamus rutrum eros sed enim molestie, non placerat neque rutrum. In leo eros, vulputate facilisis mauris rutrum, hendrerit tincidunt felis. Vivamus finibus, ex vel ornare vestibulum, arcu mi maximus ligula, nec vulputate justo purus eget metus. Praesent mattis mi quis mattis fringilla. Pellentesque tincidunt sem sed urna fermentum, eu pharetra purus mattis. Nullam quis purus consectetur, aliquet ipsum semper, euismod mauris. Suspendisse a augue eu libero aliquet consequat. Morbi nec cursus lectus, sed dictum eros. Donec at nunc sed diam bibendum faucibus sed nec sapien.\r\n\r\nEtiam quis feugiat mi. Aliquam porta sapien et mi tincidunt aliquam. Nam eget turpis nec nulla dictum blandit vel egestas augue. Mauris condimentum enim eget ipsum interdum, quis elementum mi sollicitudin. Praesent placerat, magna et mattis eleifend, turpis mi pellentesque lorem, a sagittis metus libero eu purus. Proin sodales, tortor at posuere rutrum, purus arcu bibendum nulla, semper congue nunc lectus vitae nunc. Nam id dolor sed metus molestie mollis. Aliquam feugiat ullamcorper quam, eget dignissim metus rutrum pharetra. Suspendisse convallis rutrum risus, vitae vehicula mauris pretium et. Etiam dui quam, congue nec ante eu, mattis cursus odio.", "prod_base": 2}}, {"model": "product.productbasetranslation", "pk": 3, "fields": {"meta_keywords": "Great-Tshirt", "meta_description": "Great-Tshirt", "lang": "en", "description": "Great-Tshirt\r\n\r\nLorem ipsum dolor sit amet, consectetur adipiscing elit. Donec commodo porttitor laoreet. Duis aliquam ipsum et quam sodales rhoncus. Etiam in nulla et ex viverra ornare. Mauris rutrum neque quis pulvinar tempus. Aenean id leo nec sem auctor placerat. Proin ut vehicula ex, et volutpat neque. Vestibulum bibendum mattis turpis nec consectetur. Praesent lobortis, velit vitae suscipit rhoncus, nisl purus luctus nulla, quis tempus tortor eros sed sapien.\r\n\r\nAliquam erat volutpat. Sed fringilla tincidunt pretium. Integer nisl turpis, pulvinar nec pellentesque quis, malesuada et turpis. Morbi et nisi ac ex mollis rutrum ac nec felis. Praesent tincidunt nisl vel rhoncus fringilla. Donec ac vehicula felis, feugiat dapibus augue. Vestibulum tristique tellus a nisi convallis, rutrum interdum urna dapibus. Morbi fermentum euismod euismod. Praesent mauris ipsum, tristique ac felis consectetur, blandit posuere justo. Donec sit amet leo molestie, euismod eros ac, auctor magna. Integer a urna in diam mattis bibendum. Nullam tristique erat quam, id ultricies est facilisis vel. Suspendisse metus nisi, dignissim vel dui quis, cursus pretium ante.\r\n\r\nNullam scelerisque in augue et mattis. Vestibulum at imperdiet eros. Cras interdum nisi vitae ex egestas faucibus. Mauris lacinia, ipsum et congue porta, mauris augue convallis massa, ac tempor neque risus vel lorem. Ut ut neque odio. Etiam neque lacus, laoreet aliquet convallis et, ultricies sed ligula. Suspendisse at ante purus. Aliquam blandit efficitur mauris, a pretium eros pellentesque aliquet. Vivamus eget orci interdum, aliquet nunc id, mollis risus. Vestibulum luctus finibus felis et luctus. Pellentesque vel sagittis arcu, et molestie nunc.\r\n\r\nMauris congue diam et nibh scelerisque, in iaculis augue convallis. Interdum et malesuada fames ac ante ipsum primis in faucibus. Ut malesuada nibh nec ullamcorper consectetur. Mauris sit amet nunc eget leo placerat laoreet. Morbi aliquam vestibulum nunc, in imperdiet arcu volutpat et. Vivamus rutrum eros sed enim molestie, non placerat neque rutrum. In leo eros, vulputate facilisis mauris rutrum, hendrerit tincidunt felis. Vivamus finibus, ex vel ornare vestibulum, arcu mi maximus ligula, nec vulputate justo purus eget metus. Praesent mattis mi quis mattis fringilla. Pellentesque tincidunt sem sed urna fermentum, eu pharetra purus mattis. Nullam quis purus consectetur, aliquet ipsum semper, euismod mauris. Suspendisse a augue eu libero aliquet consequat. Morbi nec cursus lectus, sed dictum eros. Donec at nunc sed diam bibendum faucibus sed nec sapien.\r\n\r\nEtiam quis feugiat mi. Aliquam porta sapien et mi tincidunt aliquam. Nam eget turpis nec nulla dictum blandit vel egestas augue. Mauris condimentum enim eget ipsum interdum, quis elementum mi sollicitudin. Praesent placerat, magna et mattis eleifend, turpis mi pellentesque lorem, a sagittis metus libero eu purus. Proin sodales, tortor at posuere rutrum, purus arcu bibendum nulla, semper congue nunc lectus vitae nunc. Nam id dolor sed metus molestie mollis. Aliquam feugiat ullamcorper quam, eget dignissim metus rutrum pharetra. Suspendisse convallis rutrum risus, vitae vehicula mauris pretium et. Etiam dui quam, congue nec ante eu, mattis cursus odio.", "prod_base": 3}}, {"model": "product.productbasetranslation", "pk": 4, "fields": {"meta_keywords": "Mavi jeans", "meta_description": "Mavi jeans", "lang": "en", "description": "Mavi jeans\r\n\r\nLorem ipsum dolor sit amet, consectetur adipiscing elit. Donec commodo porttitor laoreet. Duis aliquam ipsum et quam sodales rhoncus. Etiam in nulla et ex viverra ornare. Mauris rutrum neque quis pulvinar tempus. Aenean id leo nec sem auctor placerat. Proin ut vehicula ex, et volutpat neque. Vestibulum bibendum mattis turpis nec consectetur. Praesent lobortis, velit vitae suscipit rhoncus, nisl purus luctus nulla, quis tempus tortor eros sed sapien.\r\n\r\nAliquam erat volutpat. Sed fringilla tincidunt pretium. Integer nisl turpis, pulvinar nec pellentesque quis, malesuada et turpis. Morbi et nisi ac ex mollis rutrum ac nec felis. Praesent tincidunt nisl vel rhoncus fringilla. Donec ac vehicula felis, feugiat dapibus augue. Vestibulum tristique tellus a nisi convallis, rutrum interdum urna dapibus. Morbi fermentum euismod euismod. Praesent mauris ipsum, tristique ac felis consectetur, blandit posuere justo. Donec sit amet leo molestie, euismod eros ac, auctor magna. Integer a urna in diam mattis bibendum. Nullam tristique erat quam, id ultricies est facilisis vel. Suspendisse metus nisi, dignissim vel dui quis, cursus pretium ante.\r\n\r\nNullam scelerisque in augue et mattis. Vestibulum at imperdiet eros. Cras interdum nisi vitae ex egestas faucibus. Mauris lacinia, ipsum et congue porta, mauris augue convallis massa, ac tempor neque risus vel lorem. Ut ut neque odio. Etiam neque lacus, laoreet aliquet convallis et, ultricies sed ligula. Suspendisse at ante purus. Aliquam blandit efficitur mauris, a pretium eros pellentesque aliquet. Vivamus eget orci interdum, aliquet nunc id, mollis risus. Vestibulum luctus finibus felis et luctus. Pellentesque vel sagittis arcu, et molestie nunc.\r\n\r\nMauris congue diam et nibh scelerisque, in iaculis augue convallis. Interdum et malesuada fames ac ante ipsum primis in faucibus. Ut malesuada nibh nec ullamcorper consectetur. Mauris sit amet nunc eget leo placerat laoreet. Morbi aliquam vestibulum nunc, in imperdiet arcu volutpat et. Vivamus rutrum eros sed enim molestie, non placerat neque rutrum. In leo eros, vulputate facilisis mauris rutrum, hendrerit tincidunt felis. Vivamus finibus, ex vel ornare vestibulum, arcu mi maximus ligula, nec vulputate justo purus eget metus. Praesent mattis mi quis mattis fringilla. Pellentesque tincidunt sem sed urna fermentum, eu pharetra purus mattis. Nullam quis purus consectetur, aliquet ipsum semper, euismod mauris. Suspendisse a augue eu libero aliquet consequat. Morbi nec cursus lectus, sed dictum eros. Donec at nunc sed diam bibendum faucibus sed nec sapien.\r\n\r\nEtiam quis feugiat mi. Aliquam porta sapien et mi tincidunt aliquam. Nam eget turpis nec nulla dictum blandit vel egestas augue. Mauris condimentum enim eget ipsum interdum, quis elementum mi sollicitudin. Praesent placerat, magna et mattis eleifend, turpis mi pellentesque lorem, a sagittis metus libero eu purus. Proin sodales, tortor at posuere rutrum, purus arcu bibendum nulla, semper congue nunc lectus vitae nunc. Nam id dolor sed metus molestie mollis. Aliquam feugiat ullamcorper quam, eget dignissim metus rutrum pharetra. Suspendisse convallis rutrum risus, vitae vehicula mauris pretium et. Etiam dui quam, congue nec ante eu, mattis cursus odio.", "prod_base": 4}}, {"model": "product.productbasetranslation", "pk": 5, "fields": {"meta_keywords": "Jordan flight basketball", "meta_description": "Jordan flight basketball", "lang": "en", "description": "Jordan flight basketball\r\n\r\nLorem ipsum dolor sit amet, consectetur adipiscing elit. Donec commodo porttitor laoreet. Duis aliquam ipsum et quam sodales rhoncus. Etiam in nulla et ex viverra ornare. Mauris rutrum neque quis pulvinar tempus. Aenean id leo nec sem auctor placerat. Proin ut vehicula ex, et volutpat neque. Vestibulum bibendum mattis turpis nec consectetur. Praesent lobortis, velit vitae suscipit rhoncus, nisl purus luctus nulla, quis tempus tortor eros sed sapien.\r\n\r\nAliquam erat volutpat. Sed fringilla tincidunt pretium. Integer nisl turpis, pulvinar nec pellentesque quis, malesuada et turpis. Morbi et nisi ac ex mollis rutrum ac nec felis. Praesent tincidunt nisl vel rhoncus fringilla. Donec ac vehicula felis, feugiat dapibus augue. Vestibulum tristique tellus a nisi convallis, rutrum interdum urna dapibus. Morbi fermentum euismod euismod. Praesent mauris ipsum, tristique ac felis consectetur, blandit posuere justo. Donec sit amet leo molestie, euismod eros ac, auctor magna. Integer a urna in diam mattis bibendum. Nullam tristique erat quam, id ultricies est facilisis vel. Suspendisse metus nisi, dignissim vel dui quis, cursus pretium ante.\r\n\r\nNullam scelerisque in augue et mattis. Vestibulum at imperdiet eros. Cras interdum nisi vitae ex egestas faucibus. Mauris lacinia, ipsum et congue porta, mauris augue convallis massa, ac tempor neque risus vel lorem. Ut ut neque odio. Etiam neque lacus, laoreet aliquet convallis et, ultricies sed ligula. Suspendisse at ante purus. Aliquam blandit efficitur mauris, a pretium eros pellentesque aliquet. Vivamus eget orci interdum, aliquet nunc id, mollis risus. Vestibulum luctus finibus felis et luctus. Pellentesque vel sagittis arcu, et molestie nunc.\r\n\r\nMauris congue diam et nibh scelerisque, in iaculis augue convallis. Interdum et malesuada fames ac ante ipsum primis in faucibus. Ut malesuada nibh nec ullamcorper consectetur. Mauris sit amet nunc eget leo placerat laoreet. Morbi aliquam vestibulum nunc, in imperdiet arcu volutpat et. Vivamus rutrum eros sed enim molestie, non placerat neque rutrum. In leo eros, vulputate facilisis mauris rutrum, hendrerit tincidunt felis. Vivamus finibus, ex vel ornare vestibulum, arcu mi maximus ligula, nec vulputate justo purus eget metus. Praesent mattis mi quis mattis fringilla. Pellentesque tincidunt sem sed urna fermentum, eu pharetra purus mattis. Nullam quis purus consectetur, aliquet ipsum semper, euismod mauris. Suspendisse a augue eu libero aliquet consequat. Morbi nec cursus lectus, sed dictum eros. Donec at nunc sed diam bibendum faucibus sed nec sapien.\r\n\r\nEtiam quis feugiat mi. Aliquam porta sapien et mi tincidunt aliquam. Nam eget turpis nec nulla dictum blandit vel egestas augue. Mauris condimentum enim eget ipsum interdum, quis elementum mi sollicitudin. Praesent placerat, magna et mattis eleifend, turpis mi pellentesque lorem, a sagittis metus libero eu purus. Proin sodales, tortor at posuere rutrum, purus arcu bibendum nulla, semper congue nunc lectus vitae nunc. Nam id dolor sed metus molestie mollis. Aliquam feugiat ullamcorper quam, eget dignissim metus rutrum pharetra. Suspendisse convallis rutrum risus, vitae vehicula mauris pretium et. Etiam dui quam, congue nec ante eu, mattis cursus odio.", "prod_base": 5}}, {"model": "product.productbasetranslation", "pk": 6, "fields": {"meta_keywords": "Puma Ferrari Shoes", "meta_description": "Puma Ferrari Shoes", "lang": "en", "description": "Puma Ferrari Shoes\r\n\r\nLorem ipsum dolor sit amet, consectetur adipiscing elit. Donec commodo porttitor laoreet. Duis aliquam ipsum et quam sodales rhoncus. Etiam in nulla et ex viverra ornare. Mauris rutrum neque quis pulvinar tempus. Aenean id leo nec sem auctor placerat. Proin ut vehicula ex, et volutpat neque. Vestibulum bibendum mattis turpis nec consectetur. Praesent lobortis, velit vitae suscipit rhoncus, nisl purus luctus nulla, quis tempus tortor eros sed sapien.\r\n\r\nAliquam erat volutpat. Sed fringilla tincidunt pretium. Integer nisl turpis, pulvinar nec pellentesque quis, malesuada et turpis. Morbi et nisi ac ex mollis rutrum ac nec felis. Praesent tincidunt nisl vel rhoncus fringilla. Donec ac vehicula felis, feugiat dapibus augue. Vestibulum tristique tellus a nisi convallis, rutrum interdum urna dapibus. Morbi fermentum euismod euismod. Praesent mauris ipsum, tristique ac felis consectetur, blandit posuere justo. Donec sit amet leo molestie, euismod eros ac, auctor magna. Integer a urna in diam mattis bibendum. Nullam tristique erat quam, id ultricies est facilisis vel. Suspendisse metus nisi, dignissim vel dui quis, cursus pretium ante.\r\n\r\nNullam scelerisque in augue et mattis. Vestibulum at imperdiet eros. Cras interdum nisi vitae ex egestas faucibus. Mauris lacinia, ipsum et congue porta, mauris augue convallis massa, ac tempor neque risus vel lorem. Ut ut neque odio. Etiam neque lacus, laoreet aliquet convallis et, ultricies sed ligula. Suspendisse at ante purus. Aliquam blandit efficitur mauris, a pretium eros pellentesque aliquet. Vivamus eget orci interdum, aliquet nunc id, mollis risus. Vestibulum luctus finibus felis et luctus. Pellentesque vel sagittis arcu, et molestie nunc.\r\n\r\nMauris congue diam et nibh scelerisque, in iaculis augue convallis. Interdum et malesuada fames ac ante ipsum primis in faucibus. Ut malesuada nibh nec ullamcorper consectetur. Mauris sit amet nunc eget leo placerat laoreet. Morbi aliquam vestibulum nunc, in imperdiet arcu volutpat et. Vivamus rutrum eros sed enim molestie, non placerat neque rutrum. In leo eros, vulputate facilisis mauris rutrum, hendrerit tincidunt felis. Vivamus finibus, ex vel ornare vestibulum, arcu mi maximus ligula, nec vulputate justo purus eget metus. Praesent mattis mi quis mattis fringilla. Pellentesque tincidunt sem sed urna fermentum, eu pharetra purus mattis. Nullam quis purus consectetur, aliquet ipsum semper, euismod mauris. Suspendisse a augue eu libero aliquet consequat. Morbi nec cursus lectus, sed dictum eros. Donec at nunc sed diam bibendum faucibus sed nec sapien.\r\n\r\nEtiam quis feugiat mi. Aliquam porta sapien et mi tincidunt aliquam. Nam eget turpis nec nulla dictum blandit vel egestas augue. Mauris condimentum enim eget ipsum interdum, quis elementum mi sollicitudin. Praesent placerat, magna et mattis eleifend, turpis mi pellentesque lorem, a sagittis metus libero eu purus. Proin sodales, tortor at posuere rutrum, purus arcu bibendum nulla, semper congue nunc lectus vitae nunc. Nam id dolor sed metus molestie mollis. Aliquam feugiat ullamcorper quam, eget dignissim metus rutrum pharetra. Suspendisse convallis rutrum risus, vitae vehicula mauris pretium et. Etiam dui quam, congue nec ante eu, mattis cursus odio.", "prod_base": 6}}, {"model": "product.productbasetranslation", "pk": 7, "fields": {"meta_keywords": "US Polo Assn", "meta_description": "US Polo Assn", "lang": "en", "description": "US Polo Assn\r\n\r\nLorem ipsum dolor sit amet, consectetur adipiscing elit. Donec commodo porttitor laoreet. Duis aliquam ipsum et quam sodales rhoncus. Etiam in nulla et ex viverra ornare. Mauris rutrum neque quis pulvinar tempus. Aenean id leo nec sem auctor placerat. Proin ut vehicula ex, et volutpat neque. Vestibulum bibendum mattis turpis nec consectetur. Praesent lobortis, velit vitae suscipit rhoncus, nisl purus luctus nulla, quis tempus tortor eros sed sapien.\r\n\r\nAliquam erat volutpat. Sed fringilla tincidunt pretium. Integer nisl turpis, pulvinar nec pellentesque quis, malesuada et turpis. Morbi et nisi ac ex mollis rutrum ac nec felis. Praesent tincidunt nisl vel rhoncus fringilla. Donec ac vehicula felis, feugiat dapibus augue. Vestibulum tristique tellus a nisi convallis, rutrum interdum urna dapibus. Morbi fermentum euismod euismod. Praesent mauris ipsum, tristique ac felis consectetur, blandit posuere justo. Donec sit amet leo molestie, euismod eros ac, auctor magna. Integer a urna in diam mattis bibendum. Nullam tristique erat quam, id ultricies est facilisis vel. Suspendisse metus nisi, dignissim vel dui quis, cursus pretium ante.\r\n\r\nNullam scelerisque in augue et mattis. Vestibulum at imperdiet eros. Cras interdum nisi vitae ex egestas faucibus. Mauris lacinia, ipsum et congue porta, mauris augue convallis massa, ac tempor neque risus vel lorem. Ut ut neque odio. Etiam neque lacus, laoreet aliquet convallis et, ultricies sed ligula. Suspendisse at ante purus. Aliquam blandit efficitur mauris, a pretium eros pellentesque aliquet. Vivamus eget orci interdum, aliquet nunc id, mollis risus. Vestibulum luctus finibus felis et luctus. Pellentesque vel sagittis arcu, et molestie nunc.\r\n\r\nMauris congue diam et nibh scelerisque, in iaculis augue convallis. Interdum et malesuada fames ac ante ipsum primis in faucibus. Ut malesuada nibh nec ullamcorper consectetur. Mauris sit amet nunc eget leo placerat laoreet. Morbi aliquam vestibulum nunc, in imperdiet arcu volutpat et. Vivamus rutrum eros sed enim molestie, non placerat neque rutrum. In leo eros, vulputate facilisis mauris rutrum, hendrerit tincidunt felis. Vivamus finibus, ex vel ornare vestibulum, arcu mi maximus ligula, nec vulputate justo purus eget metus. Praesent mattis mi quis mattis fringilla. Pellentesque tincidunt sem sed urna fermentum, eu pharetra purus mattis. Nullam quis purus consectetur, aliquet ipsum semper, euismod mauris. Suspendisse a augue eu libero aliquet consequat. Morbi nec cursus lectus, sed dictum eros. Donec at nunc sed diam bibendum faucibus sed nec sapien.\r\n\r\nEtiam quis feugiat mi. Aliquam porta sapien et mi tincidunt aliquam. Nam eget turpis nec nulla dictum blandit vel egestas augue. Mauris condimentum enim eget ipsum interdum, quis elementum mi sollicitudin. Praesent placerat, magna et mattis eleifend, turpis mi pellentesque lorem, a sagittis metus libero eu purus. Proin sodales, tortor at posuere rutrum, purus arcu bibendum nulla, semper congue nunc lectus vitae nunc. Nam id dolor sed metus molestie mollis. Aliquam feugiat ullamcorper quam, eget dignissim metus rutrum pharetra. Suspendisse convallis rutrum risus, vitae vehicula mauris pretium et. Etiam dui quam, congue nec ante eu, mattis cursus odio.", "prod_base": 7}}, {"model": "product.productbasetranslation", "pk": 8, "fields": {"meta_keywords": "Wrangler shirt", "meta_description": "Wrangler shirt", "lang": "en", "description": "Wrangler shirt\r\n\r\nLorem ipsum dolor sit amet, consectetur adipiscing elit. Donec commodo porttitor laoreet. Duis aliquam ipsum et quam sodales rhoncus. Etiam in nulla et ex viverra ornare. Mauris rutrum neque quis pulvinar tempus. Aenean id leo nec sem auctor placerat. Proin ut vehicula ex, et volutpat neque. Vestibulum bibendum mattis turpis nec consectetur. Praesent lobortis, velit vitae suscipit rhoncus, nisl purus luctus nulla, quis tempus tortor eros sed sapien.\r\n\r\nAliquam erat volutpat. Sed fringilla tincidunt pretium. Integer nisl turpis, pulvinar nec pellentesque quis, malesuada et turpis. Morbi et nisi ac ex mollis rutrum ac nec felis. Praesent tincidunt nisl vel rhoncus fringilla. Donec ac vehicula felis, feugiat dapibus augue. Vestibulum tristique tellus a nisi convallis, rutrum interdum urna dapibus. Morbi fermentum euismod euismod. Praesent mauris ipsum, tristique ac felis consectetur, blandit posuere justo. Donec sit amet leo molestie, euismod eros ac, auctor magna. Integer a urna in diam mattis bibendum. Nullam tristique erat quam, id ultricies est facilisis vel. Suspendisse metus nisi, dignissim vel dui quis, cursus pretium ante.\r\n\r\nNullam scelerisque in augue et mattis. Vestibulum at imperdiet eros. Cras interdum nisi vitae ex egestas faucibus. Mauris lacinia, ipsum et congue porta, mauris augue convallis massa, ac tempor neque risus vel lorem. Ut ut neque odio. Etiam neque lacus, laoreet aliquet convallis et, ultricies sed ligula. Suspendisse at ante purus. Aliquam blandit efficitur mauris, a pretium eros pellentesque aliquet. Vivamus eget orci interdum, aliquet nunc id, mollis risus. Vestibulum luctus finibus felis et luctus. Pellentesque vel sagittis arcu, et molestie nunc.\r\n\r\nMauris congue diam et nibh scelerisque, in iaculis augue convallis. Interdum et malesuada fames ac ante ipsum primis in faucibus. Ut malesuada nibh nec ullamcorper consectetur. Mauris sit amet nunc eget leo placerat laoreet. Morbi aliquam vestibulum nunc, in imperdiet arcu volutpat et. Vivamus rutrum eros sed enim molestie, non placerat neque rutrum. In leo eros, vulputate facilisis mauris rutrum, hendrerit tincidunt felis. Vivamus finibus, ex vel ornare vestibulum, arcu mi maximus ligula, nec vulputate justo purus eget metus. Praesent mattis mi quis mattis fringilla. Pellentesque tincidunt sem sed urna fermentum, eu pharetra purus mattis. Nullam quis purus consectetur, aliquet ipsum semper, euismod mauris. Suspendisse a augue eu libero aliquet consequat. Morbi nec cursus lectus, sed dictum eros. Donec at nunc sed diam bibendum faucibus sed nec sapien.\r\n\r\nEtiam quis feugiat mi. Aliquam porta sapien et mi tincidunt aliquam. Nam eget turpis nec nulla dictum blandit vel egestas augue. Mauris condimentum enim eget ipsum interdum, quis elementum mi sollicitudin. Praesent placerat, magna et mattis eleifend, turpis mi pellentesque lorem, a sagittis metus libero eu purus. Proin sodales, tortor at posuere rutrum, purus arcu bibendum nulla, semper congue nunc lectus vitae nunc. Nam id dolor sed metus molestie mollis. Aliquam feugiat ullamcorper quam, eget dignissim metus rutrum pharetra. Suspendisse convallis rutrum risus, vitae vehicula mauris pretium et. Etiam dui quam, congue nec ante eu, mattis cursus odio.", "prod_base": 8}}, {"model": "product.productbasetranslation", "pk": 9, "fields": {"meta_keywords": "Great-Tshirt", "meta_description": "Great-Tshirt", "lang": "ru", "description": "Great-Tshirt\r\n\r\nLorem ipsum dolor sit amet, consectetur adipiscing elit. Donec commodo porttitor laoreet. Duis aliquam ipsum et quam sodales rhoncus. Etiam in nulla et ex viverra ornare. Mauris rutrum neque quis pulvinar tempus. Aenean id leo nec sem auctor placerat. Proin ut vehicula ex, et volutpat neque. Vestibulum bibendum mattis turpis nec consectetur. Praesent lobortis, velit vitae suscipit rhoncus, nisl purus luctus nulla, quis tempus tortor eros sed sapien.\r\n\r\nAliquam erat volutpat. Sed fringilla tincidunt pretium. Integer nisl turpis, pulvinar nec pellentesque quis, malesuada et turpis. Morbi et nisi ac ex mollis rutrum ac nec felis. Praesent tincidunt nisl vel rhoncus fringilla. Donec ac vehicula felis, feugiat dapibus augue. Vestibulum tristique tellus a nisi convallis, rutrum interdum urna dapibus. Morbi fermentum euismod euismod. Praesent mauris ipsum, tristique ac felis consectetur, blandit posuere justo. Donec sit amet leo molestie, euismod eros ac, auctor magna. Integer a urna in diam mattis bibendum. Nullam tristique erat quam, id ultricies est facilisis vel. Suspendisse metus nisi, dignissim vel dui quis, cursus pretium ante.\r\n\r\nNullam scelerisque in augue et mattis. Vestibulum at imperdiet eros. Cras interdum nisi vitae ex egestas faucibus. Mauris lacinia, ipsum et congue porta, mauris augue convallis massa, ac tempor neque risus vel lorem. Ut ut neque odio. Etiam neque lacus, laoreet aliquet convallis et, ultricies sed ligula. Suspendisse at ante purus. Aliquam blandit efficitur mauris, a pretium eros pellentesque aliquet. Vivamus eget orci interdum, aliquet nunc id, mollis risus. Vestibulum luctus finibus felis et luctus. Pellentesque vel sagittis arcu, et molestie nunc.\r\n\r\nMauris congue diam et nibh scelerisque, in iaculis augue convallis. Interdum et malesuada fames ac ante ipsum primis in faucibus. Ut malesuada nibh nec ullamcorper consectetur. Mauris sit amet nunc eget leo placerat laoreet. Morbi aliquam vestibulum nunc, in imperdiet arcu volutpat et. Vivamus rutrum eros sed enim molestie, non placerat neque rutrum. In leo eros, vulputate facilisis mauris rutrum, hendrerit tincidunt felis. Vivamus finibus, ex vel ornare vestibulum, arcu mi maximus ligula, nec vulputate justo purus eget metus. Praesent mattis mi quis mattis fringilla. Pellentesque tincidunt sem sed urna fermentum, eu pharetra purus mattis. Nullam quis purus consectetur, aliquet ipsum semper, euismod mauris. Suspendisse a augue eu libero aliquet consequat. Morbi nec cursus lectus, sed dictum eros. Donec at nunc sed diam bibendum faucibus sed nec sapien.\r\n\r\nEtiam quis feugiat mi. Aliquam porta sapien et mi tincidunt aliquam. Nam eget turpis nec nulla dictum blandit vel egestas augue. Mauris condimentum enim eget ipsum interdum, quis elementum mi sollicitudin. Praesent placerat, magna et mattis eleifend, turpis mi pellentesque lorem, a sagittis metus libero eu purus. Proin sodales, tortor at posuere rutrum, purus arcu bibendum nulla, semper congue nunc lectus vitae nunc. Nam id dolor sed metus molestie mollis. Aliquam feugiat ullamcorper quam, eget dignissim metus rutrum pharetra. Suspendisse convallis rutrum risus, vitae vehicula mauris pretium et. Etiam dui quam, congue nec ante eu, mattis cursus odio.", "prod_base": 3}}, {"model": "product.productbasetranslation", "pk": 10, "fields": {"meta_keywords": "regrew erwqrewq", "meta_description": "ewqerqerw rewqrewq", "lang": "ru", "description": "Lorem ipsum dolor sit amet, consectetur adipiscing elit. Donec commodo porttitor laoreet. Duis aliquam ipsum et quam sodales rhoncus. Etiam in nulla et ex viverra ornare. Mauris rutrum neque quis pulvinar tempus. Aenean id leo nec sem auctor placerat. Proin ut vehicula ex, et volutpat neque. Vestibulum bibendum mattis turpis nec consectetur. Praesent lobortis, velit vitae suscipit rhoncus, nisl purus luctus nulla, quis tempus tortor eros sed sapien.\r\n\r\nAliquam erat volutpat. Sed fringilla tincidunt pretium. Integer nisl turpis, pulvinar nec pellentesque quis, malesuada et turpis. Morbi et nisi ac ex mollis rutrum ac nec felis. Praesent tincidunt nisl vel rhoncus fringilla. Donec ac vehicula felis, feugiat dapibus augue. Vestibulum tristique tellus a nisi convallis, rutrum interdum urna dapibus. Morbi fermentum euismod euismod. Praesent mauris ipsum, tristique ac felis consectetur, blandit posuere justo. Donec sit amet leo molestie, euismod eros ac, auctor magna. Integer a urna in diam mattis bibendum. Nullam tristique erat quam, id ultricies est facilisis vel. Suspendisse metus nisi, dignissim vel dui quis, cursus pretium ante.\r\n\r\nNullam scelerisque in augue et mattis. Vestibulum at imperdiet eros. Cras interdum nisi vitae ex egestas faucibus. Mauris lacinia, ipsum et congue porta, mauris augue convallis massa, ac tempor neque risus vel lorem. Ut ut neque odio. Etiam neque lacus, laoreet aliquet convallis et, ultricies sed ligula. Suspendisse at ante purus. Aliquam blandit efficitur mauris, a pretium eros pellentesque aliquet. Vivamus eget orci interdum, aliquet nunc id, mollis risus. Vestibulum luctus finibus felis et luctus. Pellentesque vel sagittis arcu, et molestie nunc.\r\n\r\nMauris congue diam et nibh scelerisque, in iaculis augue convallis. Interdum et malesuada fames ac ante ipsum primis in faucibus. Ut malesuada nibh nec ullamcorper consectetur. Mauris sit amet nunc eget leo placerat laoreet. Morbi aliquam vestibulum nunc, in imperdiet arcu volutpat et. Vivamus rutrum eros sed enim molestie, non placerat neque rutrum. In leo eros, vulputate facilisis mauris rutrum, hendrerit tincidunt felis. Vivamus finibus, ex vel ornare vestibulum, arcu mi maximus ligula, nec vulputate justo purus eget metus. Praesent mattis mi quis mattis fringilla. Pellentesque tincidunt sem sed urna fermentum, eu pharetra purus mattis. Nullam quis purus consectetur, aliquet ipsum semper, euismod mauris. Suspendisse a augue eu libero aliquet consequat. Morbi nec cursus lectus, sed dictum eros. Donec at nunc sed diam bibendum faucibus sed nec sapien.\r\n\r\nEtiam quis feugiat mi. Aliquam porta sapien et mi tincidunt aliquam. Nam eget turpis nec nulla dictum blandit vel egestas augue. Mauris condimentum enim eget ipsum interdum, quis elementum mi sollicitudin. Praesent placerat, magna et mattis eleifend, turpis mi pellentesque lorem, a sagittis metus libero eu purus. Proin sodales, tortor at posuere rutrum, purus arcu bibendum nulla, semper congue nunc lectus vitae nunc. Nam id dolor sed metus molestie mollis. Aliquam feugiat ullamcorper quam, eget dignissim metus rutrum pharetra. Suspendisse convallis rutrum risus, vitae vehicula mauris pretium et. Etiam dui quam, congue nec ante eu, mattis cursus odio.", "prod_base": 8}}, {"model": "product.productbasetranslation", "pk": 11, "fields": {"meta_keywords": "kjkj j;ljk;kjklj", "meta_description": "iuyoyu uzoyu yoyuouy", "lang": "ru", "description": "Lorem ipsum dolor sit amet, consectetur adipiscing elit. Donec commodo porttitor laoreet. Duis aliquam ipsum et quam sodales rhoncus. Etiam in nulla et ex viverra ornare. Mauris rutrum neque quis pulvinar tempus. Aenean id leo nec sem auctor placerat. Proin ut vehicula ex, et volutpat neque. Vestibulum bibendum mattis turpis nec consectetur. Praesent lobortis, velit vitae suscipit rhoncus, nisl purus luctus nulla, quis tempus tortor eros sed sapien.\r\n\r\nAliquam erat volutpat. Sed fringilla tincidunt pretium. Integer nisl turpis, pulvinar nec pellentesque quis, malesuada et turpis. Morbi et nisi ac ex mollis rutrum ac nec felis. Praesent tincidunt nisl vel rhoncus fringilla. Donec ac vehicula felis, feugiat dapibus augue. Vestibulum tristique tellus a nisi convallis, rutrum interdum urna dapibus. Morbi fermentum euismod euismod. Praesent mauris ipsum, tristique ac felis consectetur, blandit posuere justo. Donec sit amet leo molestie, euismod eros ac, auctor magna. Integer a urna in diam mattis bibendum. Nullam tristique erat quam, id ultricies est facilisis vel. Suspendisse metus nisi, dignissim vel dui quis, cursus pretium ante.\r\n\r\nNullam scelerisque in augue et mattis. Vestibulum at imperdiet eros. Cras interdum nisi vitae ex egestas faucibus. Mauris lacinia, ipsum et congue porta, mauris augue convallis massa, ac tempor neque risus vel lorem. Ut ut neque odio. Etiam neque lacus, laoreet aliquet convallis et, ultricies sed ligula. Suspendisse at ante purus. Aliquam blandit efficitur mauris, a pretium eros pellentesque aliquet. Vivamus eget orci interdum, aliquet nunc id, mollis risus. Vestibulum luctus finibus felis et luctus. Pellentesque vel sagittis arcu, et molestie nunc.\r\n\r\nMauris congue diam et nibh scelerisque, in iaculis augue convallis. Interdum et malesuada fames ac ante ipsum primis in faucibus. Ut malesuada nibh nec ullamcorper consectetur. Mauris sit amet nunc eget leo placerat laoreet. Morbi aliquam vestibulum nunc, in imperdiet arcu volutpat et. Vivamus rutrum eros sed enim molestie, non placerat neque rutrum. In leo eros, vulputate facilisis mauris rutrum, hendrerit tincidunt felis. Vivamus finibus, ex vel ornare vestibulum, arcu mi maximus ligula, nec vulputate justo purus eget metus. Praesent mattis mi quis mattis fringilla. Pellentesque tincidunt sem sed urna fermentum, eu pharetra purus mattis. Nullam quis purus consectetur, aliquet ipsum semper, euismod mauris. Suspendisse a augue eu libero aliquet consequat. Morbi nec cursus lectus, sed dictum eros. Donec at nunc sed diam bibendum faucibus sed nec sapien.\r\n\r\nEtiam quis feugiat mi. Aliquam porta sapien et mi tincidunt aliquam. Nam eget turpis nec nulla dictum blandit vel egestas augue. Mauris condimentum enim eget ipsum interdum, quis elementum mi sollicitudin. Praesent placerat, magna et mattis eleifend, turpis mi pellentesque lorem, a sagittis metus libero eu purus. Proin sodales, tortor at posuere rutrum, purus arcu bibendum nulla, semper congue nunc lectus vitae nunc. Nam id dolor sed metus molestie mollis. Aliquam feugiat ullamcorper quam, eget dignissim metus rutrum pharetra. Suspendisse convallis rutrum risus, vitae vehicula mauris pretium et. Etiam dui quam, congue nec ante eu, mattis cursus odio.", "prod_base": 7}}, {"model": "product.productbasetranslation", "pk": 12, "fields": {"meta_keywords": "iouyu oiyouy", "meta_description": "pompous puppy", "lang": "ru", "description": "Lorem ipsum dolor sit amet, consectetur adipiscing elit. Donec commodo porttitor laoreet. Duis aliquam ipsum et quam sodales rhoncus. Etiam in nulla et ex viverra ornare. Mauris rutrum neque quis pulvinar tempus. Aenean id leo nec sem auctor placerat. Proin ut vehicula ex, et volutpat neque. Vestibulum bibendum mattis turpis nec consectetur. Praesent lobortis, velit vitae suscipit rhoncus, nisl purus luctus nulla, quis tempus tortor eros sed sapien.\r\n\r\nAliquam erat volutpat. Sed fringilla tincidunt pretium. Integer nisl turpis, pulvinar nec pellentesque quis, malesuada et turpis. Morbi et nisi ac ex mollis rutrum ac nec felis. Praesent tincidunt nisl vel rhoncus fringilla. Donec ac vehicula felis, feugiat dapibus augue. Vestibulum tristique tellus a nisi convallis, rutrum interdum urna dapibus. Morbi fermentum euismod euismod. Praesent mauris ipsum, tristique ac felis consectetur, blandit posuere justo. Donec sit amet leo molestie, euismod eros ac, auctor magna. Integer a urna in diam mattis bibendum. Nullam tristique erat quam, id ultricies est facilisis vel. Suspendisse metus nisi, dignissim vel dui quis, cursus pretium ante.\r\n\r\nNullam scelerisque in augue et mattis. Vestibulum at imperdiet eros. Cras interdum nisi vitae ex egestas faucibus. Mauris lacinia, ipsum et congue porta, mauris augue convallis massa, ac tempor neque risus vel lorem. Ut ut neque odio. Etiam neque lacus, laoreet aliquet convallis et, ultricies sed ligula. Suspendisse at ante purus. Aliquam blandit efficitur mauris, a pretium eros pellentesque aliquet. Vivamus eget orci interdum, aliquet nunc id, mollis risus. Vestibulum luctus finibus felis et luctus. Pellentesque vel sagittis arcu, et molestie nunc.\r\n\r\nMauris congue diam et nibh scelerisque, in iaculis augue convallis. Interdum et malesuada fames ac ante ipsum primis in faucibus. Ut malesuada nibh nec ullamcorper consectetur. Mauris sit amet nunc eget leo placerat laoreet. Morbi aliquam vestibulum nunc, in imperdiet arcu volutpat et. Vivamus rutrum eros sed enim molestie, non placerat neque rutrum. In leo eros, vulputate facilisis mauris rutrum, hendrerit tincidunt felis. Vivamus finibus, ex vel ornare vestibulum, arcu mi maximus ligula, nec vulputate justo purus eget metus. Praesent mattis mi quis mattis fringilla. Pellentesque tincidunt sem sed urna fermentum, eu pharetra purus mattis. Nullam quis purus consectetur, aliquet ipsum semper, euismod mauris. Suspendisse a augue eu libero aliquet consequat. Morbi nec cursus lectus, sed dictum eros. Donec at nunc sed diam bibendum faucibus sed nec sapien.\r\n\r\nEtiam quis feugiat mi. Aliquam porta sapien et mi tincidunt aliquam. Nam eget turpis nec nulla dictum blandit vel egestas augue. Mauris condimentum enim eget ipsum interdum, quis elementum mi sollicitudin. Praesent placerat, magna et mattis eleifend, turpis mi pellentesque lorem, a sagittis metus libero eu purus. Proin sodales, tortor at posuere rutrum, purus arcu bibendum nulla, semper congue nunc lectus vitae nunc. Nam id dolor sed metus molestie mollis. Aliquam feugiat ullamcorper quam, eget dignissim metus rutrum pharetra. Suspendisse convallis rutrum risus, vitae vehicula mauris pretium et. Etiam dui quam, congue nec ante eu, mattis cursus odio.", "prod_base": 6}}, {"model": "product.productbasetranslation", "pk": 13, "fields": {"meta_keywords": "kjhghjg hgkjhgkjgh", "meta_description": "jkhgkjhg hgggkhjg", "lang": "ru", "description": "Lorem ipsum dolor sit amet, consectetur adipiscing elit. Donec commodo porttitor laoreet. Duis aliquam ipsum et quam sodales rhoncus. Etiam in nulla et ex viverra ornare. Mauris rutrum neque quis pulvinar tempus. Aenean id leo nec sem auctor placerat. Proin ut vehicula ex, et volutpat neque. Vestibulum bibendum mattis turpis nec consectetur. Praesent lobortis, velit vitae suscipit rhoncus, nisl purus luctus nulla, quis tempus tortor eros sed sapien.\r\n\r\nAliquam erat volutpat. Sed fringilla tincidunt pretium. Integer nisl turpis, pulvinar nec pellentesque quis, malesuada et turpis. Morbi et nisi ac ex mollis rutrum ac nec felis. Praesent tincidunt nisl vel rhoncus fringilla. Donec ac vehicula felis, feugiat dapibus augue. Vestibulum tristique tellus a nisi convallis, rutrum interdum urna dapibus. Morbi fermentum euismod euismod. Praesent mauris ipsum, tristique ac felis consectetur, blandit posuere justo. Donec sit amet leo molestie, euismod eros ac, auctor magna. Integer a urna in diam mattis bibendum. Nullam tristique erat quam, id ultricies est facilisis vel. Suspendisse metus nisi, dignissim vel dui quis, cursus pretium ante.\r\n\r\nNullam scelerisque in augue et mattis. Vestibulum at imperdiet eros. Cras interdum nisi vitae ex egestas faucibus. Mauris lacinia, ipsum et congue porta, mauris augue convallis massa, ac tempor neque risus vel lorem. Ut ut neque odio. Etiam neque lacus, laoreet aliquet convallis et, ultricies sed ligula. Suspendisse at ante purus. Aliquam blandit efficitur mauris, a pretium eros pellentesque aliquet. Vivamus eget orci interdum, aliquet nunc id, mollis risus. Vestibulum luctus finibus felis et luctus. Pellentesque vel sagittis arcu, et molestie nunc.\r\n\r\nMauris congue diam et nibh scelerisque, in iaculis augue convallis. Interdum et malesuada fames ac ante ipsum primis in faucibus. Ut malesuada nibh nec ullamcorper consectetur. Mauris sit amet nunc eget leo placerat laoreet. Morbi aliquam vestibulum nunc, in imperdiet arcu volutpat et. Vivamus rutrum eros sed enim molestie, non placerat neque rutrum. In leo eros, vulputate facilisis mauris rutrum, hendrerit tincidunt felis. Vivamus finibus, ex vel ornare vestibulum, arcu mi maximus ligula, nec vulputate justo purus eget metus. Praesent mattis mi quis mattis fringilla. Pellentesque tincidunt sem sed urna fermentum, eu pharetra purus mattis. Nullam quis purus consectetur, aliquet ipsum semper, euismod mauris. Suspendisse a augue eu libero aliquet consequat. Morbi nec cursus lectus, sed dictum eros. Donec at nunc sed diam bibendum faucibus sed nec sapien.\r\n\r\nEtiam quis feugiat mi. Aliquam porta sapien et mi tincidunt aliquam. Nam eget turpis nec nulla dictum blandit vel egestas augue. Mauris condimentum enim eget ipsum interdum, quis elementum mi sollicitudin. Praesent placerat, magna et mattis eleifend, turpis mi pellentesque lorem, a sagittis metus libero eu purus. Proin sodales, tortor at posuere rutrum, purus arcu bibendum nulla, semper congue nunc lectus vitae nunc. Nam id dolor sed metus molestie mollis. Aliquam feugiat ullamcorper quam, eget dignissim metus rutrum pharetra. Suspendisse convallis rutrum risus, vitae vehicula mauris pretium et. Etiam dui quam, congue nec ante eu, mattis cursus odio.", "prod_base": 5}}, {"model": "product.productbasetranslation", "pk": 14, "fields": {"meta_keywords": "gfdhgfd ghfdhdf", "meta_description": "gfdhgfd ghfdhgfd", "lang": "ru", "description": "Lorem ipsum dolor sit amet, consectetur adipiscing elit. Donec commodo porttitor laoreet. Duis aliquam ipsum et quam sodales rhoncus. Etiam in nulla et ex viverra ornare. Mauris rutrum neque quis pulvinar tempus. Aenean id leo nec sem auctor placerat. Proin ut vehicula ex, et volutpat neque. Vestibulum bibendum mattis turpis nec consectetur. Praesent lobortis, velit vitae suscipit rhoncus, nisl purus luctus nulla, quis tempus tortor eros sed sapien.\r\n\r\nAliquam erat volutpat. Sed fringilla tincidunt pretium. Integer nisl turpis, pulvinar nec pellentesque quis, malesuada et turpis. Morbi et nisi ac ex mollis rutrum ac nec felis. Praesent tincidunt nisl vel rhoncus fringilla. Donec ac vehicula felis, feugiat dapibus augue. Vestibulum tristique tellus a nisi convallis, rutrum interdum urna dapibus. Morbi fermentum euismod euismod. Praesent mauris ipsum, tristique ac felis consectetur, blandit posuere justo. Donec sit amet leo molestie, euismod eros ac, auctor magna. Integer a urna in diam mattis bibendum. Nullam tristique erat quam, id ultricies est facilisis vel. Suspendisse metus nisi, dignissim vel dui quis, cursus pretium ante.\r\n\r\nNullam scelerisque in augue et mattis. Vestibulum at imperdiet eros. Cras interdum nisi vitae ex egestas faucibus. Mauris lacinia, ipsum et congue porta, mauris augue convallis massa, ac tempor neque risus vel lorem. Ut ut neque odio. Etiam neque lacus, laoreet aliquet convallis et, ultricies sed ligula. Suspendisse at ante purus. Aliquam blandit efficitur mauris, a pretium eros pellentesque aliquet. Vivamus eget orci interdum, aliquet nunc id, mollis risus. Vestibulum luctus finibus felis et luctus. Pellentesque vel sagittis arcu, et molestie nunc.\r\n\r\nMauris congue diam et nibh scelerisque, in iaculis augue convallis. Interdum et malesuada fames ac ante ipsum primis in faucibus. Ut malesuada nibh nec ullamcorper consectetur. Mauris sit amet nunc eget leo placerat laoreet. Morbi aliquam vestibulum nunc, in imperdiet arcu volutpat et. Vivamus rutrum eros sed enim molestie, non placerat neque rutrum. In leo eros, vulputate facilisis mauris rutrum, hendrerit tincidunt felis. Vivamus finibus, ex vel ornare vestibulum, arcu mi maximus ligula, nec vulputate justo purus eget metus. Praesent mattis mi quis mattis fringilla. Pellentesque tincidunt sem sed urna fermentum, eu pharetra purus mattis. Nullam quis purus consectetur, aliquet ipsum semper, euismod mauris. Suspendisse a augue eu libero aliquet consequat. Morbi nec cursus lectus, sed dictum eros. Donec at nunc sed diam bibendum faucibus sed nec sapien.\r\n\r\nEtiam quis feugiat mi. Aliquam porta sapien et mi tincidunt aliquam. Nam eget turpis nec nulla dictum blandit vel egestas augue. Mauris condimentum enim eget ipsum interdum, quis elementum mi sollicitudin. Praesent placerat, magna et mattis eleifend, turpis mi pellentesque lorem, a sagittis metus libero eu purus. Proin sodales, tortor at posuere rutrum, purus arcu bibendum nulla, semper congue nunc lectus vitae nunc. Nam id dolor sed metus molestie mollis. Aliquam feugiat ullamcorper quam, eget dignissim metus rutrum pharetra. Suspendisse convallis rutrum risus, vitae vehicula mauris pretium et. Etiam dui quam, congue nec ante eu, mattis cursus odio.", "prod_base": 4}}, {"model": "product.productbasetranslation", "pk": 15, "fields": {"meta_keywords": "cxvvcxvcx vbcxbcx", "meta_description": "vcxvcx vcxvcx", "lang": "ru", "description": "Lorem ipsum dolor sit amet, consectetur adipiscing elit. Donec commodo porttitor laoreet. Duis aliquam ipsum et quam sodales rhoncus. Etiam in nulla et ex viverra ornare. Mauris rutrum neque quis pulvinar tempus. Aenean id leo nec sem auctor placerat. Proin ut vehicula ex, et volutpat neque. Vestibulum bibendum mattis turpis nec consectetur. Praesent lobortis, velit vitae suscipit rhoncus, nisl purus luctus nulla, quis tempus tortor eros sed sapien.\r\n\r\nAliquam erat volutpat. Sed fringilla tincidunt pretium. Integer nisl turpis, pulvinar nec pellentesque quis, malesuada et turpis. Morbi et nisi ac ex mollis rutrum ac nec felis. Praesent tincidunt nisl vel rhoncus fringilla. Donec ac vehicula felis, feugiat dapibus augue. Vestibulum tristique tellus a nisi convallis, rutrum interdum urna dapibus. Morbi fermentum euismod euismod. Praesent mauris ipsum, tristique ac felis consectetur, blandit posuere justo. Donec sit amet leo molestie, euismod eros ac, auctor magna. Integer a urna in diam mattis bibendum. Nullam tristique erat quam, id ultricies est facilisis vel. Suspendisse metus nisi, dignissim vel dui quis, cursus pretium ante.\r\n\r\nNullam scelerisque in augue et mattis. Vestibulum at imperdiet eros. Cras interdum nisi vitae ex egestas faucibus. Mauris lacinia, ipsum et congue porta, mauris augue convallis massa, ac tempor neque risus vel lorem. Ut ut neque odio. Etiam neque lacus, laoreet aliquet convallis et, ultricies sed ligula. Suspendisse at ante purus. Aliquam blandit efficitur mauris, a pretium eros pellentesque aliquet. Vivamus eget orci interdum, aliquet nunc id, mollis risus. Vestibulum luctus finibus felis et luctus. Pellentesque vel sagittis arcu, et molestie nunc.\r\n\r\nMauris congue diam et nibh scelerisque, in iaculis augue convallis. Interdum et malesuada fames ac ante ipsum primis in faucibus. Ut malesuada nibh nec ullamcorper consectetur. Mauris sit amet nunc eget leo placerat laoreet. Morbi aliquam vestibulum nunc, in imperdiet arcu volutpat et. Vivamus rutrum eros sed enim molestie, non placerat neque rutrum. In leo eros, vulputate facilisis mauris rutrum, hendrerit tincidunt felis. Vivamus finibus, ex vel ornare vestibulum, arcu mi maximus ligula, nec vulputate justo purus eget metus. Praesent mattis mi quis mattis fringilla. Pellentesque tincidunt sem sed urna fermentum, eu pharetra purus mattis. Nullam quis purus consectetur, aliquet ipsum semper, euismod mauris. Suspendisse a augue eu libero aliquet consequat. Morbi nec cursus lectus, sed dictum eros. Donec at nunc sed diam bibendum faucibus sed nec sapien.\r\n\r\nEtiam quis feugiat mi. Aliquam porta sapien et mi tincidunt aliquam. Nam eget turpis nec nulla dictum blandit vel egestas augue. Mauris condimentum enim eget ipsum interdum, quis elementum mi sollicitudin. Praesent placerat, magna et mattis eleifend, turpis mi pellentesque lorem, a sagittis metus libero eu purus. Proin sodales, tortor at posuere rutrum, purus arcu bibendum nulla, semper congue nunc lectus vitae nunc. Nam id dolor sed metus molestie mollis. Aliquam feugiat ullamcorper quam, eget dignissim metus rutrum pharetra. Suspendisse convallis rutrum risus, vitae vehicula mauris pretium et. Etiam dui quam, congue nec ante eu, mattis cursus odio.", "prod_base": 2}}, {"model": "product.productbasetranslation", "pk": 16, "fields": {"meta_keywords": "fdsgbds dsgfd", "meta_description": "fgdsgfds fdsgfds", "lang": "ru", "description": "Lorem ipsum dolor sit amet, consectetur adipiscing elit. Donec commodo porttitor laoreet. Duis aliquam ipsum et quam sodales rhoncus. Etiam in nulla et ex viverra ornare. Mauris rutrum neque quis pulvinar tempus. Aenean id leo nec sem auctor placerat. Proin ut vehicula ex, et volutpat neque. Vestibulum bibendum mattis turpis nec consectetur. Praesent lobortis, velit vitae suscipit rhoncus, nisl purus luctus nulla, quis tempus tortor eros sed sapien.\r\n\r\nAliquam erat volutpat. Sed fringilla tincidunt pretium. Integer nisl turpis, pulvinar nec pellentesque quis, malesuada et turpis. Morbi et nisi ac ex mollis rutrum ac nec felis. Praesent tincidunt nisl vel rhoncus fringilla. Donec ac vehicula felis, feugiat dapibus augue. Vestibulum tristique tellus a nisi convallis, rutrum interdum urna dapibus. Morbi fermentum euismod euismod. Praesent mauris ipsum, tristique ac felis consectetur, blandit posuere justo. Donec sit amet leo molestie, euismod eros ac, auctor magna. Integer a urna in diam mattis bibendum. Nullam tristique erat quam, id ultricies est facilisis vel. Suspendisse metus nisi, dignissim vel dui quis, cursus pretium ante.\r\n\r\nNullam scelerisque in augue et mattis. Vestibulum at imperdiet eros. Cras interdum nisi vitae ex egestas faucibus. Mauris lacinia, ipsum et congue porta, mauris augue convallis massa, ac tempor neque risus vel lorem. Ut ut neque odio. Etiam neque lacus, laoreet aliquet convallis et, ultricies sed ligula. Suspendisse at ante purus. Aliquam blandit efficitur mauris, a pretium eros pellentesque aliquet. Vivamus eget orci interdum, aliquet nunc id, mollis risus. Vestibulum luctus finibus felis et luctus. Pellentesque vel sagittis arcu, et molestie nunc.\r\n\r\nMauris congue diam et nibh scelerisque, in iaculis augue convallis. Interdum et malesuada fames ac ante ipsum primis in faucibus. Ut malesuada nibh nec ullamcorper consectetur. Mauris sit amet nunc eget leo placerat laoreet. Morbi aliquam vestibulum nunc, in imperdiet arcu volutpat et. Vivamus rutrum eros sed enim molestie, non placerat neque rutrum. In leo eros, vulputate facilisis mauris rutrum, hendrerit tincidunt felis. Vivamus finibus, ex vel ornare vestibulum, arcu mi maximus ligula, nec vulputate justo purus eget metus. Praesent mattis mi quis mattis fringilla. Pellentesque tincidunt sem sed urna fermentum, eu pharetra purus mattis. Nullam quis purus consectetur, aliquet ipsum semper, euismod mauris. Suspendisse a augue eu libero aliquet consequat. Morbi nec cursus lectus, sed dictum eros. Donec at nunc sed diam bibendum faucibus sed nec sapien.\r\n\r\nEtiam quis feugiat mi. Aliquam porta sapien et mi tincidunt aliquam. Nam eget turpis nec nulla dictum blandit vel egestas augue. Mauris condimentum enim eget ipsum interdum, quis elementum mi sollicitudin. Praesent placerat, magna et mattis eleifend, turpis mi pellentesque lorem, a sagittis metus libero eu purus. Proin sodales, tortor at posuere rutrum, purus arcu bibendum nulla, semper congue nunc lectus vitae nunc. Nam id dolor sed metus molestie mollis. Aliquam feugiat ullamcorper quam, eget dignissim metus rutrum pharetra. Suspendisse convallis rutrum risus, vitae vehicula mauris pretium et. Etiam dui quam, congue nec ante eu, mattis cursus odio.", "prod_base": 1}}, {"model": "product.product", "pk": 1, "fields": {"is_valid": true, "deleted_at": null, "created_at": "2023-03-01T17:11:44.972Z", "updated_at": "2023-03-09T07:24:40.177Z", "slug": "mavi-jeans", "sku": "111222", "thumb": "company/grkr/product/mavi-jeans/thumb/__2023-03-01__19.03.15.png", "ext_name": {"en": "Blue"}, "full_name": "Mavi jeans@Blue", "prod_base": 4, "brand": 5, "product_type": 1, "is_default": true, "price": "99.00", "sale_price": null, "is_digital": false, "created_by": 1, "updated_by": 1, "company": 1}}, {"model": "product.product", "pk": 2, "fields": {"is_valid": true, "deleted_at": null, "created_at": "2023-03-01T17:20:43.024Z", "updated_at": null, "slug": "wrangler-shirt", "sku": "11112222", "thumb": "company/grkr/product/wrangler-shirt/thumb/Wrangler-Shirt.jpg", "ext_name": {}, "full_name": "Wrangler shirt", "prod_base": 8, "brand": 8, "product_type": 2, "is_default": true, "price": "88.00", "sale_price": null, "is_digital": false, "created_by": 1, "updated_by": null, "company": 1}}, {"model": "product.product", "pk": 3, "fields": {"is_valid": true, "deleted_at": null, "created_at": "2023-03-01T17:23:47.398Z", "updated_at": null, "slug": "blue-shirt", "sku": "22221111", "thumb": "company/grkr/product/blue-shirt/thumb/__2023-03-01__19.23.19.png", "ext_name": {}, "full_name": "Blue-Shirt", "prod_base": 2, "brand": 2, "product_type": 2, "is_default": true, "price": "77.00", "sale_price": null, "is_digital": false, "created_by": 1, "updated_by": null, "company": 1}}, {"model": "product.product", "pk": 4, "fields": {"is_valid": true, "deleted_at": null, "created_at": "2023-03-01T17:25:19.935Z", "updated_at": "2023-03-01T17:25:48.201Z", "slug": "great-tshirt", "sku": "11113333", "thumb": "company/grkr/product/great-tshirt/thumb/Great-Tshirt.jpg", "ext_name": {}, "full_name": "Great-Tshirt", "prod_base": 3, "brand": 3, "product_type": 3, "is_default": true, "price": "66.00", "sale_price": null, "is_digital": false, "created_by": 1, "updated_by": 1, "company": 1}}, {"model": "product.product", "pk": 5, "fields": {"is_valid": true, "deleted_at": null, "created_at": "2023-03-01T17:27:11.611Z", "updated_at": null, "slug": "jordan-basketball", "sku": "22112211", "thumb": "company/grkr/product/jordan-basketball/thumb/jordan-true-flight-basketball-shoes.jpg", "ext_name": {}, "full_name": "Jordan flight basketball", "prod_base": 5, "brand": 4, "product_type": 4, "is_default": true, "price": "66.00", "sale_price": null, "is_digital": false, "created_by": 1, "updated_by": null, "company": 1}}, {"model": "product.product", "pk": 6, "fields": {"is_valid": true, "deleted_at": null, "created_at": "2023-03-01T17:28:43.625Z", "updated_at": null, "slug": "puma-ferrari", "sku": "33223322", "thumb": "company/grkr/product/puma-ferrari/thumb/Puma-Ferrari-Shoes.jpg", "ext_name": {}, "full_name": "Puma Ferrari Shoes", "prod_base": 6, "brand": 6, "product_type": 4, "is_default": true, "price": "80.00", "sale_price": null, "is_digital": false, "created_by": 1, "updated_by": null, "company": 1}}, {"model": "product.product", "pk": 7, "fields": {"is_valid": true, "deleted_at": null, "created_at": "2023-03-01T17:30:33.672Z", "updated_at": null, "slug": "us-polo-assn", "sku": "34343434", "thumb": "company/grkr/product/us-polo-assn/thumb/US-Polo-Assn_Jacket.jpg", "ext_name": {"en": "Brown"}, "full_name": "US Polo Assn@Brown", "prod_base": 7, "brand": 7, "product_type": 5, "is_default": true, "price": "222.00", "sale_price": null, "is_digital": false, "created_by": 1, "updated_by": null, "company": 1}}, {"model": "product.product", "pk": 8, "fields": {"is_valid": true, "deleted_at": null, "created_at": "2023-03-01T17:33:26.900Z", "updated_at": "2023-03-06T11:06:14.757Z", "slug": "atx-jeans-blue", "sku": "45454545", "thumb": "company/grkr/product/atx-jeans-blue/thumb/ATX-Jeans.jpg", "ext_name": {"en": "Blue", "ru": ""}, "full_name": "ATX-Jeans@Blue@", "prod_base": 1, "brand": 1, "product_type": 1, "is_default": true, "price": "77.00", "sale_price": null, "is_digital": false, "created_by": 1, "updated_by": 1, "company": 1}}, {"model": "product.product", "pk": 9, "fields": {"is_valid": true, "deleted_at": null, "created_at": "2023-03-08T14:25:55.394Z", "updated_at": "2023-03-08T14:44:40.946Z", "slug": "great-tshirt-2", "sku": "444333", "thumb": "company/grkr/product/great-tshirt-2/thumb/Great-Tshirt.jpg", "ext_name": {"en": "Black", "ru": ""}, "full_name": "Great-Tshirt@Black@", "prod_base": 3, "brand": 3, "product_type": 3, "is_default": false, "price": "88.00", "sale_price": null, "is_digital": false, "created_by": 1, "updated_by": 1, "company": 1}}, {"model": "product.product", "pk": 10, "fields": {"is_valid": true, "deleted_at": null, "created_at": "2023-03-09T08:57:19.375Z", "updated_at": "2023-03-09T08:58:02.112Z", "slug": "great-shirt-3", "sku": "23232323", "thumb": "company/grkr/product/great-shirt-3/thumb/Great-Tshirt.jpg", "ext_name": {}, "full_name": "Great-Tshirt", "prod_base": 3, "brand": 3, "product_type": 3, "is_default": false, "price": "99.00", "sale_price": null, "is_digital": false, "created_by": 1, "updated_by": 1, "company": 1}}, {"model": "product.product", "pk": 11, "fields": {"is_valid": true, "deleted_at": null, "created_at": "2023-03-09T09:04:07.650Z", "updated_at": null, "slug": "great-shirt-4", "sku": "676767676", "thumb": "company/grkr/product/great-shirt-4/thumb/Great-Tshirt.jpg", "ext_name": {}, "full_name": "Great-Tshirt", "prod_base": 3, "brand": 3, "product_type": 3, "is_default": false, "price": "88.00", "sale_price": null, "is_digital": false, "created_by": 1, "updated_by": null, "company": 1}}, {"model": "product.productattribute", "pk": 1, "fields": {"is_valid": true, "created_at": "2023-03-01T16:37:10.902Z", "updated_at": "2023-03-09T12:09:29.724Z", "slug": "shoe-size", "thumb": "", "svg": "", "thumb_as": "HIDDEN", "name": {"en": "Size"}, "company": 1}}, {"model": "product.productattribute", "pk": 2, "fields": {"is_valid": true, "created_at": "2023-03-01T16:38:59.932Z", "updated_at": "2023-03-09T12:09:13.153Z", "slug": "clothing-size", "thumb": "", "svg": "", "thumb_as": "HIDDEN", "name": {"en": "Size"}, "company": 1}}, {"model": "product.productattribute", "pk": 3, "fields": {"is_valid": true, "created_at": "2023-03-01T16:41:48.653Z", "updated_at": null, "slug": "color", "thumb": "", "svg": "", "thumb_as": "HIDDEN", "name": {"en": "Color"}, "company": 1}}, {"model": "product.productattributevalue", "pk": 1, "fields": {"is_valid": true, "product_attribute": 1, "value": "36", "name": null}}, {"model": "product.productattributevalue", "pk": 2, "fields": {"is_valid": true, "product_attribute": 1, "value": "38", "name": null}}, {"model": "product.productattributevalue", "pk": 3, "fields": {"is_valid": true, "product_attribute": 1, "value": "40", "name": null}}, {"model": "product.productattributevalue", "pk": 4, "fields": {"is_valid": true, "product_attribute": 1, "value": "42", "name": null}}, {"model": "product.productattributevalue", "pk": 5, "fields": {"is_valid": true, "product_attribute": 1, "value": "44", "name": null}}, {"model": "product.productattributevalue", "pk": 6, "fields": {"is_valid": true, "product_attribute": 2, "value": "40", "name": null}}, {"model": "product.productattributevalue", "pk": 7, "fields": {"is_valid": true, "product_attribute": 2, "value": "50", "name": null}}, {"model": "product.productattributevalue", "pk": 8, "fields": {"is_valid": true, "product_attribute": 2, "value": "60", "name": null}}, {"model": "product.productattributevalue", "pk": 9, "fields": {"is_valid": true, "product_attribute": 2, "value": "70", "name": null}}, {"model": "product.productattributevalue", "pk": 10, "fields": {"is_valid": true, "product_attribute": 3, "value": "red", "name": {"en": "Red"}}}, {"model": "product.productattributevalue", "pk": 11, "fields": {"is_valid": true, "product_attribute": 3, "value": "green", "name": {"en": "Green"}}}, {"model": "product.productattributevalue", "pk": 12, "fields": {"is_valid": true, "product_attribute": 3, "value": "blue", "name": {"en": "Blue"}}}, {"model": "product.productattributevalue", "pk": 13, "fields": {"is_valid": true, "product_attribute": 3, "value": "brown", "name": {"en": "Brown"}}}, {"model": "product.productattributevalue", "pk": 14, "fields": {"is_valid": true, "product_attribute": 3, "value": "black", "name": {"en": "Black"}}}, {"model": "product.productattributevalues", "pk": 1, "fields": {"is_valid": true, "attribute_values": 12, "product": 2}}, {"model": "product.productattributevalues", "pk": 2, "fields": {"is_valid": true, "attribute_values": 6, "product": 2}}, {"model": "product.productattributevalues", "pk": 3, "fields": {"is_valid": true, "attribute_values": 8, "product": 3}}, {"model": "product.productattributevalues", "pk": 4, "fields": {"is_valid": true, "attribute_values": 12, "product": 3}}, {"model": "product.productattributevalues", "pk": 5, "fields": {"is_valid": true, "attribute_values": 6, "product": 4}}, {"model": "product.productattributevalues", "pk": 6, "fields": {"is_valid": true, "attribute_values": 12, "product": 4}}, {"model": "product.productattributevalues", "pk": 7, "fields": {"is_valid": true, "attribute_values": 5, "product": 5}}, {"model": "product.productattributevalues", "pk": 8, "fields": {"is_valid": true, "attribute_values": 14, "product": 5}}, {"model": "product.productattributevalues", "pk": 9, "fields": {"is_valid": true, "attribute_values": 4, "product": 6}}, {"model": "product.productattributevalues", "pk": 10, "fields": {"is_valid": true, "attribute_values": 14, "product": 6}}, {"model": "product.productattributevalues", "pk": 11, "fields": {"is_valid": true, "attribute_values": 8, "product": 7}}, {"model": "product.productattributevalues", "pk": 12, "fields": {"is_valid": true, "attribute_values": 13, "product": 7}}, {"model": "product.productattributevalues", "pk": 13, "fields": {"is_valid": true, "attribute_values": 7, "product": 8}}, {"model": "product.productattributevalues", "pk": 14, "fields": {"is_valid": true, "attribute_values": 12, "product": 8}}, {"model": "product.productattributevalues", "pk": 15, "fields": {"is_valid": true, "attribute_values": 8, "product": 9}}, {"model": "product.productattributevalues", "pk": 16, "fields": {"is_valid": true, "attribute_values": 14, "product": 9}}, {"model": "product.productattributevalues", "pk": 17, "fields": {"is_valid": true, "attribute_values": 9, "product": 1}}, {"model": "product.productattributevalues", "pk": 18, "fields": {"is_valid": true, "attribute_values": 12, "product": 1}}, {"model": "product.productattributevalues", "pk": 19, "fields": {"is_valid": true, "attribute_values": 9, "product": 10}}, {"model": "product.productattributevalues", "pk": 20, "fields": {"is_valid": true, "attribute_values": 11, "product": 10}}, {"model": "product.productattributevalues", "pk": 21, "fields": {"is_valid": true, "attribute_values": 3, "product": 11}}, {"model": "product.productattributevalues", "pk": 22, "fields": {"is_valid": true, "attribute_values": 14, "product": 11}}, {"model": "product.producttype", "pk": 1, "fields": {"is_valid": true, "created_at": "2023-03-01T17:05:44.735Z", "updated_at": null, "slug": "jeans", "thumb": "", "svg": null, "thumb_as": "HIDDEN", "name": {"en": "Jeans"}, "category": null, "in_menu": false, "company": 1}}, {"model": "product.producttype", "pk": 2, "fields": {"is_valid": true, "created_at": "2023-03-01T17:06:28.805Z", "updated_at": null, "slug": "shirts", "thumb": "", "svg": null, "thumb_as": "HIDDEN", "name": {"en": "Shirts"}, "category": 5, "in_menu": false, "company": 1}}, {"model": "product.producttype", "pk": 3, "fields": {"is_valid": true, "created_at": "2023-03-01T17:07:05.023Z", "updated_at": null, "slug": "t-shirt", "thumb": "", "svg": null, "thumb_as": "HIDDEN", "name": {"en": "T-Shirt"}, "category": null, "in_menu": false, "company": 1}}, {"model": "product.producttype", "pk": 4, "fields": {"is_valid": true, "created_at": "2023-03-01T17:08:10.898Z", "updated_at": null, "slug": "sneakers", "thumb": "", "svg": null, "thumb_as": "HIDDEN", "name": {"en": "Sneakers"}, "category": null, "in_menu": false, "company": 1}}, {"model": "product.producttype", "pk": 5, "fields": {"is_valid": true, "created_at": "2023-03-01T17:08:52.033Z", "updated_at": null, "slug": "jackets", "thumb": "", "svg": null, "thumb_as": "HIDDEN", "name": {"en": "Jackets"}, "category": null, "in_menu": false, "company": 1}}, {"model": "product.producttypeattribute", "pk": 1, "fields": {"is_valid": true, "prod_attribute": 3, "prod_type": 1}}, {"model": "product.producttypeattribute", "pk": 2, "fields": {"is_valid": true, "prod_attribute": 2, "prod_type": 1}}, {"model": "product.producttypeattribute", "pk": 3, "fields": {"is_valid": true, "prod_attribute": 2, "prod_type": 2}}, {"model": "product.producttypeattribute", "pk": 4, "fields": {"is_valid": true, "prod_attribute": 3, "prod_type": 2}}, {"model": "product.producttypeattribute", "pk": 5, "fields": {"is_valid": true, "prod_attribute": 3, "prod_type": 3}}, {"model": "product.producttypeattribute", "pk": 6, "fields": {"is_valid": true, "prod_attribute": 2, "prod_type": 3}}, {"model": "product.producttypeattribute", "pk": 7, "fields": {"is_valid": true, "prod_attribute": 3, "prod_type": 4}}, {"model": "product.producttypeattribute", "pk": 8, "fields": {"is_valid": true, "prod_attribute": 1, "prod_type": 4}}, {"model": "product.producttypeattribute", "pk": 9, "fields": {"is_valid": true, "prod_attribute": 3, "prod_type": 5}}, {"model": "product.producttypeattribute", "pk": 10, "fields": {"is_valid": true, "prod_attribute": 2, "prod_type": 5}}, {"model": "product.media", "pk": 1, "fields": {"is_valid": true, "created_at": "2023-03-01T17:11:45.546Z", "updated_at": null, "image": "company/grkr/product/mavi-jeans/media/image1.jpg", "alt": {"en": "mavi jeans"}, "is_showcase": false, "product": 1, "company": null}}, {"model": "product.media", "pk": 2, "fields": {"is_valid": true, "created_at": "2023-03-01T17:11:45.546Z", "updated_at": null, "image": "company/grkr/product/mavi-jeans/media/image2.jpg", "alt": {"en": "mavi jeans"}, "is_showcase": false, "product": 1, "company": null}}, {"model": "product.media", "pk": 3, "fields": {"is_valid": true, "created_at": "2023-03-01T17:11:45.546Z", "updated_at": null, "image": "company/grkr/product/mavi-jeans/media/image13.jpg", "alt": {"en": "mavi jeans"}, "is_showcase": false, "product": 1, "company": null}}, {"model": "delivery.delivery", "pk": 1, "fields": {"is_valid": true, "created_at": "2023-03-01T16:43:43.141Z", "updated_at": null, "name": {"en": "From store"}, "price": "0.00", "method": "IS", "time_frame": "10-00 : 18-00", "time_window": "1 : 5", "position": 0, "company": 1}}, {"model": "delivery.delivery", "pk": 2, "fields": {"is_valid": true, "created_at": "2023-03-01T16:45:19.281Z", "updated_at": null, "name": {"en": "Home"}, "price": "15.00", "method": "HD", "time_frame": "10-00 : 16-00", "time_window": "1 : 10", "position": 0, "company": 1}}, {"model": "delivery.delivery", "pk": 3, "fields": {"is_valid": true, "created_at": "2023-03-01T16:46:23.402Z", "updated_at": null, "name": {"en": "Digital"}, "price": "0.00", "method": "DD", "time_frame": "0-00 : 12-00", "time_window": "1 - 2", "position": 0, "company": 1}}, {"model": "brand.brand", "pk": 1, "fields": {"is_valid": true, "created_at": "2023-03-01T16:16:33.527Z", "updated_at": null, "slug": "atx", "name": {"en": "ATX"}, "site_url": null, "logo": "", "created_by": 1, "updated_by": null, "company": 1}}, {"model": "brand.brand", "pk": 2, "fields": {"is_valid": true, "created_at": "2023-03-01T16:17:10.956Z", "updated_at": null, "slug": "blue", "name": {"en": "Blue"}, "site_url": null, "logo": "", "created_by": 1, "updated_by": null, "company": 1}}, {"model": "brand.brand", "pk": 3, "fields": {"is_valid": true, "created_at": "2023-03-01T16:17:51.284Z", "updated_at": null, "slug": "great", "name": {"en": "Great"}, "site_url": null, "logo": "", "created_by": 1, "updated_by": null, "company": 1}}, {"model": "brand.brand", "pk": 4, "fields": {"is_valid": true, "created_at": "2023-03-01T16:18:28.670Z", "updated_at": null, "slug": "jordan", "name": {"en": "Jordan"}, "site_url": null, "logo": "", "created_by": 1, "updated_by": null, "company": 1}}, {"model": "brand.brand", "pk": 5, "fields": {"is_valid": true, "created_at": "2023-03-01T16:19:01.601Z", "updated_at": null, "slug": "maji", "name": {"en": "Mavi"}, "site_url": null, "logo": "", "created_by": 1, "updated_by": null, "company": 1}}, {"model": "brand.brand", "pk": 6, "fields": {"is_valid": true, "created_at": "2023-03-01T16:19:37.691Z", "updated_at": null, "slug": "puma", "name": {"en": "Puma"}, "site_url": null, "logo": "", "created_by": 1, "updated_by": null, "company": 1}}, {"model": "brand.brand", "pk": 7, "fields": {"is_valid": true, "created_at": "2023-03-01T16:20:05.020Z", "updated_at": null, "slug": "us-polo", "name": {"eu": "US-Polo"}, "site_url": null, "logo": "", "created_by": 1, "updated_by": null, "company": 1}}, {"model": "brand.brand", "pk": 8, "fields": {"is_valid": true, "created_at": "2023-03-01T16:20:49.373Z", "updated_at": null, "slug": "wrangler", "name": {"en": "Wrangler"}, "site_url": null, "logo": "", "created_by": 1, "updated_by": null, "company": 1}}, {"model": "sale.coupon", "pk": 1, "fields": {"is_valid": true, "created_at": "2023-03-01T16:47:36.557Z", "updated_at": null, "name": {"en": "Gift coupon"}, "coupon_code": "123321", "created_by": 1, "updated_by": null, "company": 1}}, {"model": "sale.sale", "pk": 1, "fields": {"is_valid": true, "created_at": "2023-03-01T16:49:19.654Z", "updated_at": "2023-03-01T16:49:31.627Z", "slug": "holliday", "name": {"en": "Holliday"}, "short_desc": {"en": "Holliday sale"}, "image": "", "is_showcase": true, "sale_reduction": 15, "is_schedule": false, "sale_start": "2023-03-01", "sale_end": "2023-04-01", "coupon": 1, "created_by": 1, "updated_by": 1, "company": 1}}, {"model": "stock.stock", "pk": 1, "fields": {"is_valid": true, "created_at": "2023-03-01T17:34:43.358Z", "updated_at": null, "product": 8, "last_checked": "2023-03-01T17:34:25Z", "units": 100, "units_sold": 50, "created_by": 1, "updated_by": null, "company": 1}}, {"model": "stock.stock", "pk": 2, "fields": {"is_valid": true, "created_at": "2023-03-01T17:35:02.858Z", "updated_at": null, "product": 7, "last_checked": "2023-03-01T17:34:51Z", "units": 50, "units_sold": 30, "created_by": 1, "updated_by": null, "company": 1}}, {"model": "stock.stock", "pk": 3, "fields": {"is_valid": true, "created_at": "2023-03-01T17:35:20.994Z", "updated_at": null, "product": 6, "last_checked": "2023-03-01T17:35:11Z", "units": 80, "units_sold": 40, "created_by": 1, "updated_by": null, "company": 1}}, {"model": "stock.stock", "pk": 4, "fields": {"is_valid": true, "created_at": "2023-03-01T17:35:44.027Z", "updated_at": null, "product": 5, "last_checked": "2023-03-01T17:35:28Z", "units": 80, "units_sold": 30, "created_by": 1, "updated_by": null, "company": 1}}, {"model": "stock.stock", "pk": 5, "fields": {"is_valid": true, "created_at": "2023-03-01T17:36:09.131Z", "updated_at": null, "product": 4, "last_checked": "2023-03-01T17:35:54Z", "units": 80, "units_sold": 200, "created_by": 1, "updated_by": null, "company": 1}}, {"model": "stock.stock", "pk": 6, "fields": {"is_valid": true, "created_at": "2023-03-01T17:36:43.963Z", "updated_at": null, "product": 3, "last_checked": "2023-03-01T17:36:34Z", "units": 60, "units_sold": 80, "created_by": 1, "updated_by": null, "company": 1}}, {"model": "stock.stock", "pk": 7, "fields": {"is_valid": true, "created_at": "2023-03-01T17:37:28.588Z", "updated_at": null, "product": 2, "last_checked": "2023-03-01T17:37:18Z", "units": 60, "units_sold": 0, "created_by": 1, "updated_by": null, "company": 1}}, {"model": "stock.stock", "pk": 8, "fields": {"is_valid": true, "created_at": "2023-03-01T17:37:47.317Z", "updated_at": null, "product": 1, "last_checked": "2023-03-01T17:37:35Z", "units": 77, "units_sold": 99, "created_by": 1, "updated_by": null, "company": 1}}, {"model": "stock.stock", "pk": 9, "fields": {"is_valid": true, "created_at": "2023-03-08T14:45:28.321Z", "updated_at": null, "product": 9, "last_checked": "2023-03-08T14:45:13Z", "units": 20, "units_sold": 10, "created_by": 1, "updated_by": null, "company": 1}}]